increase_frequency:1000,first_frequency:10,last_frequency:100
frequency,transmission_ep,receiving_ep
10,0.3226,0
10,0.2199,0
10,0.2053,0
10,0.2102,0
10,0.2248,0
10,0.2004,0
10,0.1955,0
10,0.2102,0
10,0.2151,0
10,0.2004,0
10,0.1955,0
10,0.2102,0
10,0.2151,0
10,0.2004,0
10,0.2053,0
10,0.2004,0
10,0.2151,0
10,0.2248,0
10,0.2004,0
10,0.2004,0
10,0.2199,0
10,0.2004,0
10,0.1955,0
10,0.1808,0
10,0.2151,0
10,0.2151,0
10,0.2053,0
10,0.1906,0
10,0.2102,0
10,0.2151,0
10,0.2053,0
10,0.1955,0
10,0.2102,0
10,0.2102,0
10,0.2004,0
10,0.1906,0
10,0.2102,0
10,0.2248,0
10,0.2151,0
10,0.2248,0
10,0.2004,0
10,0.2151,0
10,0.2444,0
10,0.1955,0
10,0.2053,0
10,0.2199,0
10,0.2151,0
10,0.2053,0
10,0.1955,0
10,0.2102,0
11,0.0782,0
11,0.0196,0
11,0,0
11,0,0
11,0,0
11,0,0
11,0,0
11,0,0
11,0,0
11,0,0
11,0,0
11,0,0
11,0,0
11,0,0
11,0,0
11,0,0
11,0,0
11,0,0
11,0,0
11,0,0
11,0,0
11,0,0
11,0,0
11,0,0
11,0,0
11,0,0
11,0,0
11,0,0
11,0,0
11,0,0
11,0,0
11,0,0
11,0,0
11,0,0
11,0,0
11,0,0
11,0,0
11,0,0
11,0,0
11,0,0
11,0,0
11,0,0
11,0,0
11,0,0
11,0,0
11,0,0
11,0,0
11,0,0
11,0,0
11,0,0
12,0.0293,0
12,0.044,0
12,0.0684,0
12,0.0538,0
12,0.0342,0
12,0.044,0
12,0.0635,0
12,0.0538,0
12,0,0
12,0.0587,0
12,0.0635,0
12,0.0684,0
12,0.0489,0
12,0.0635,0
12,0.0635,0
12,0.044,0
12,0.0538,0
12,0.0587,0
12,0.0587,0
12,0.044,0
12,0.0538,0
12,0.0489,0
12,0.044,0
12,0.044,0
12,0.0684,0
12,0.0635,0
12,0.0342,0
12,0.0538,0
12,0.0684,0
12,0.0538,0
12,0.0342,0
12,0.044,0
12,0.0635,0
12,0.0489,0
12,0.0978,0
12,0.0635,0
12,0.0635,0
12,0.0684,0
12,0.0587,0
12,0.0635,0
12,0.0538,0
12,0.044,0
12,0.0587,0
12,0.0587,0
12,0.0538,0
12,0.0489,0
12,0.0684,0
12,0.1369,0
12,0.044,0
12,0.044,0
13,0.3959,0
13,0.4106,0
13,0.4106,0
13,0.4203,0
13,0.4154,0
13,0.4057,0
13,0.4057,0
13,0.4057,0
13,0.4203,0
13,0.4203,0
13,0.4252,0
13,0.4203,0
13,0.4203,0
13,0.4106,0
13,0.3959,0
13,0.4057,0
13,0.4008,0
13,0.4203,0
13,0.4203,0
13,0.4154,0
13,0.4057,0.0244
13,0.4106,0
13,0.3959,0
13,0.4057,0
13,0.4154,0
13,0.4106,0
13,0.4252,0
13,0.4203,0
13,0.4154,0
13,0.4057,0
13,0.4057,0
13,0.4106,0
13,0.4203,0
13,0.4106,0
13,0.4252,0
13,0.4154,0
13,0.4203,0
13,0.3959,0
13,0.4057,0
13,0.4057,0
13,0.4154,0
13,0.4301,0
13,0.4203,0
13,0.4252,0
13,0.4057,0
13,0.4154,0
13,0.4106,0
13,0.4203,0
13,0.4203,0
13,0.4643,0
14,0.2004,0
14,0.1026,0
14,0.0538,0
14,0.0391,0
14,0.0196,0
14,0.0244,0
14,0.0147,0
14,0.0098,0
14,0.0196,0
14,0.0049,0
14,0.0147,0
14,0,0
14,0.0147,0
14,0.0098,0
14,0.0098,0
14,0,0
14,0.0049,0
14,0.0098,0
14,0.0049,0
14,0.0098,0
14,0.0049,0
14,0.0098,0
14,0,0
14,0.0098,0
14,0.0049,0
14,0,0
14,0.0098,0
14,0,0
14,0.0049,0
14,0.0049,0
14,0.0049,0
14,0.0098,0
14,0,0
14,0.0049,0
14,0,0
14,0,0
14,0,0
14,0,0
14,0,0
14,0,0
14,0.0098,0
14,0,0
14,0.0098,0
14,0,0
14,0.0098,0
14,0.0049,0
14,0,0
14,0.0049,0
14,0,0
14,0,0
15,0.567,0
15,0.6452,0
15,0.6305,0
15,0.6207,0
15,0.6354,0
15,0.6452,0
15,0.6109,0
15,0.6354,0
15,0.6158,0
15,0.6158,0
15,0.6354,0
15,0.6305,0
15,0.6012,0
15,0.6158,0
15,0.6061,0
15,0.6354,0
15,0.6452,0
15,0.6207,0
15,0.6061,0
15,0.6256,0
15,0.6256,0
15,0.5963,0
15,0.6256,0
15,0.6256,0
15,0.6207,0
15,0.6256,0
15,0.6207,0
15,0.6158,0.0147
15,0.6598,0
15,0.6403,0
15,0.6403,0
15,0.6256,0
15,0.6256,0
15,0.6109,0
15,0.6452,0
15,0.65,0
15,0.6452,0
15,0.6403,0
15,0.6696,0.0049
15,0.6647,0.0049
15,0.6647,0.0049
15,0.6794,0
15,0.6745,0
15,0.6598,0
15,0.694,0
15,0.6891,0
15,0.5865,0
15,0.6061,0
15,0.6354,0
15,0.6305,0
16,0.3568,0
16,0.3226,0
16,0.3715,0
16,0.347,0
16,0.347,0
16,0.2835,0
16,0.3226,0
16,0.2835,0
16,0.2004,0
16,0.2004,0
16,0.3372,0
16,0.347,0
16,0.3324,0
16,0.3177,0
16,0.2884,0
16,0.3128,0
16,0.2493,0
16,0.4936,0
16,0.3666,0
16,0.347,0
16,0.303,0
16,0.2884,0
16,0.3275,0
16,0.2884,0
16,0.303,0
16,0.3079,0
16,0.2786,0
16,0.3177,0
16,0.3519,0
16,0.347,0
16,0.3128,0
16,0.3177,0
16,0.3128,0
16,0.2151,0
16,0.2688,0
16,0.3177,0
16,0.347,0
16,0.3324,0
16,0.3324,0
16,0.3763,0
16,0.3715,0
16,0.3666,0
16,0.3617,0
16,0.3715,0
16,0.3715,0
16,0.3715,0
16,0.347,0
16,0.3763,0
16,0.391,0
16,0.3715,0
17,0.8749,0.0293
17,0.8798,0.0391
17,0.8895,0.044
17,0.8749,0.044
17,0.8847,0.0489
17,0.8798,0.0489
17,0.8798,0.044
17,0.9042,0.044
17,0.914,0.0489
17,0.8895,0.0489
17,0.9042,0.0489
17,0.8993,0.0538
17,0.8895,0.0489
17,0.8993,0.0489
17,0.9042,0.0489
17,0.8993,0.0538
17,0.8651,0.0538
17,0.8993,0.0538
17,0.914,0.0538
17,0.9238,0.0489
17,0.9238,0.0489
17,0.9286,0.0538
17,0.9335,0.0538
17,0.9189,0.0538
17,0.914,0.0538
17,0.9189,0.0538
17,0.9238,0.0538
17,0.9091,0.0538
17,0.9189,0.0538
17,0.9042,0.0489
17,0.9042,0.0489
17,0.9042,0.0489
17,0.914,0.0489
17,0.8944,0.0489
17,0.8749,0.0489
17,0.8602,0.044
17,0.8553,0.0489
17,0.8602,0.044
17,0.8847,0.0489
17,0.8798,0.0489
17,0.8944,0.0489
17,0.8798,0.044
17,0.8798,0.0489
17,0.8895,0.0489
17,0.8749,0.044
17,0.8651,0.0489
17,0.87,0.044
17,0.8651,0.044
17,0.8602,0.044
17,0.8749,0.0489
18,0.3959,0.0147
18,0.1564,0
18,0.044,0
18,0,0
18,0,0
18,0,0
18,0,0
18,0,0
18,0,0
18,0,0
18,0,0
18,0,0
18,0,0
18,0,0
18,0,0
18,0,0
18,0,0
18,0,0
18,0,0
18,0,0
18,0,0
18,0,0
18,0,0
18,0,0
18,0,0
18,0,0
18,0,0
18,0,0
18,0,0
18,0,0
18,0,0
18,0,0
18,0,0
18,0,0
18,0,0
18,0,0
18,0,0
18,0,0
18,0,0
18,0,0
18,0,0
18,0,0
18,0,0
18,0,0
18,0,0
18,0,0
18,0,0
18,0,0
18,0,0
18,0,0
19,0.0049,0
19,0.0587,0
19,0.0587,0
19,0.0831,0
19,0.088,0
19,0.088,0
19,0.0684,0
19,0.0733,0
19,0.0782,0
19,0.0538,0
19,0.0782,0
19,0.0831,0
19,0.0929,0
19,0.088,0
19,0.0196,0
19,0.0733,0
19,0.0831,0
19,0.0733,0
19,0.088,0
19,0.0733,0
19,0.0831,0
19,0.0733,0
19,0.088,0
19,0.0635,0
19,0.0929,0
19,0.0831,0
19,0.088,0
19,0.0782,0
19,0.0831,0
19,0.0782,0
19,0.0782,0
19,0.0733,0
19,0.0733,0
19,0.0831,0
19,0.088,0
19,0.0831,0
19,0.0733,0
19,0.1222,0
19,0.0782,0
19,0.0782,0
19,0.0635,0
19,0.0831,0
19,0.0782,0
19,0.088,0
19,0.0684,0
19,0.0831,0
19,0.0733,0
19,0.088,0
19,0.0684,0
19,0.0831,0
20,0.3421,0
20,0.3812,0
20,0.3812,0
20,0.4057,0
20,0.4057,0
20,0.4008,0
20,0.391,0
20,0.4008,0
20,0.4057,0
20,0.435,0
20,0.3861,0
20,0.3959,0
20,0.4008,0
20,0.3812,0
20,0.3226,0
20,0.4106,0
20,0.4154,0
20,0.4203,0
20,0.4154,0
20,0.4301,0
20,0.4203,0
20,0.435,0
20,0.4106,0
20,0.4057,0
20,0.4301,0
20,0.4106,0
20,0.4399,0
20,0.4301,0
20,0.3959,0
20,0.4399,0
20,0.4203,0
20,0.4154,0
20,0.4301,0
20,0.4203,0
20,0.4448,0
20,0.4203,0.0049
20,0.4106,0
20,0.3959,0
20,0.4008,0
20,0.435,0
20,0.4106,0
20,0.4154,0
20,0.3861,0
20,0.3959,0
20,0.4203,0
20,0.4106,0
20,0.4203,0
20,0.4106,0
20,0.4154,0
20,0.4203,0
21,0.3959,0
21,0.3666,0
21,0.391,0
21,0.4301,0
21,0.3666,0
21,0.3861,0
21,0.3421,0
21,0.347,0
21,0.3666,0
21,0.3275,0
21,0.3666,0
21,0.3666,0
21,0.3812,0
21,0.3666,0
21,0.3812,0
21,0.3959,0
21,0.3861,0
21,0.3715,0
21,0.4203,0
21,0.3959,0
21,0.391,0
21,0.4154,0
21,0.5327,0
21,0.5327,0
21,0.5914,0
21,0.6109,0.0684
21,0.5767,0
21,0.5718,0
21,0.5865,0
21,0.5474,0
21,0.5474,0.0342
21,0.5621,0
21,0.5034,0
21,0.5327,0
21,0.5474,0
21,0.4936,0
21,0.5327,0
21,0.5279,0
21,0.5181,0
21,0.5034,0
21,0.5425,0
21,0.5279,0
21,0.523,0.0049
21,0.5572,0
21,0.5572,0.0049
21,0.5572,0.0049
21,0.567,0.0049
21,0.5963,0
21,0.5474,0.0049
21,0.5718,0
22.0kHz,,
22,0.738,0
22,0.7576,0.0049
22,0.7771,0.0049
22,0.7478,0.0049
22,0.7576,0.0098
22,0.7576,0
22,0.7722,0.0147
22,0.7478,0.0049
22,0.7625,0.0049
22,0.7771,0.0049
22,0.7674,0
22,0.738,0.0049
22,0.7869,0.0049
22,0.7722,0.0049
22,0.782,0.0049
22,0.7918,0.0147
22,0.8309,0.0147
22,0.8504,0.0147
22,0.8504,0.0098
22,0.7967,0.0098
22,0.782,0.0098
22,0.7771,0.0098
22,0.7722,0.0049
22,0.7674,0
22,0.7674,0.0049
22,0.7869,0
22,0.8211,0.0049
22,0.8016,0.0049
22,0.7527,0.0049
22,0.738,0.0049
22,0.7722,0
22,0.7722,0.0049
22,0.738,0
22,0.7478,0.0049
22,0.7722,0
22,0.7576,0
22,0.6696,0
22,0.7331,0
22,0.7087,0
22,0.7478,0
22,0.7429,0
22,0.7527,0
22,0.7576,0
22,0.7527,0
22,0.7429,0
22,0.7283,0
22,0.738,0
22,0.7331,0
22,0.7136,0
22,0.7185,0
23.0kHz,,
23,1.4516,0.2053
23,1.5005,0.1515
23,1.4467,0.2102
23,1.4614,0.2053
23,1.4761,0.2053
23,1.6031,0.2004
23,1.4565,0.2004
23,1.4418,0.2004
23,1.4418,0.2004
23,1.4614,0.2004
23,1.4565,0.1711
23,1.4809,0.2004
23,1.4712,0.2004
23,1.4467,0.1955
23,1.4418,0.1955
23,1.4516,0.1955
23,1.4663,0.1955
23,1.4761,0.1955
23,1.4663,0.1955
23,1.4565,0.1955
23,1.3978,0.1955
23,1.4418,0.1808
23,1.4614,0.1906
23,1.4712,0.1906
23,1.5445,0.1906
23,1.4516,0.1906
23,1.4418,0.1955
23,1.4467,0.1955
23,1.4614,0.1955
23,1.4663,0.1906
23,1.4761,0.1808
23,1.4663,0.1906
23,1.4467,0.1906
23,1.437,0.1906
23,1.4516,0.1955
23,1.4712,0.1906
23,1.4761,0.1906
23,1.4614,0.1906
23,1.4614,0.1906
23,1.4956,0.1711
23,1.4467,0.1906
23,1.4712,0.1955
23,1.4809,0.1955
23,1.5347,0.1906
23,1.4467,0.1857
23,1.4418,0.176
23,1.4516,0.1808
23,1.4565,0.176
23,1.4565,0.176
23,1.4761,0.176
24.0kHz,,
24,1.0362,0.0587
24,1.0313,0.0538
24,1.0313,0.044
24,1.1046,0.0489
24,1.0313,0.044
24,1.0411,0.0489
24,1.0459,0.0489
24,1.0166,0.0489
24,1.0508,0.0489
24,1.0459,0.044
24,1.0459,0.044
24,1.0459,0.0489
24,1.0166,0.0489
24,1.0215,0.0489
24,1.0264,0.044
24,1.0313,0
24,1.0166,0.044
24,1.0313,0.0538
24,1.0362,0.0489
24,1.0459,0.044
24,1.0948,0.044
24,1.0411,0.044
24,1.0459,0.044
24,1.0459,0.0489
24,1.0459,0.0489
24,1.0166,0.044
24,1.0215,0.044
24,1.0313,0.044
24,1.0264,0.0489
24,1.0166,0.0489
24,1.0362,0.0489
24,1.0411,0.044
24,1.0411,0.0782
24,1.0557,0.044
24,1.0459,0.0489
24,1.0411,0.0489
24,1.0459,0.0489
24,1.0362,0.0489
24,1.0166,0.044
24,1.0215,0.044
24,1.0264,0.0489
24,1.0313,0.0489
24,1.0362,0.0489
24,1.0313,0.044
24,1.0362,0.044
24,1.0411,0.044
24,1.0362,0.0489
24,1.0362,0.0342
24,1.0411,0.044
24,1.0362,0.044
25.0kHz,,
25,0.9531,0.0489
25,0.9677,0.0489
25,1.0117,0.0489
25,0.9629,0.0538
25,0.9677,0.0489
25,0.9677,0.0489
25,0.9726,0.0489
25,1.0215,0.0489
25,0.9629,0.0489
25,0.9726,0.0489
25,0.9726,0.0489
25,0.9726,0.0489
25,0.9482,0.0489
25,0.9629,0.0489
25,0.9726,0.0489
25,0.9677,0.0489
25,0.9775,0.0489
25,0.9726,0.0489
25,0.9629,0.0489
25,0.9677,0.0489
25,0.9677,0.0489
25,0.9726,0.0489
25,1.0508,0.0489
25,0.9629,0.0489
25,0.9677,0.0489
25,0.9726,0.0489
25,0.9726,0.0489
25,1.0313,0.0489
25,0.9629,0.0391
25,0.9677,0.0489
25,0.9726,0
25,0.9775,0.0489
25,0.9531,0.0147
25,0.9629,0.0489
25,0.9775,0.044
25,0.9775,0.0489
25,0.9775,0.0489
25,0.9629,0.0489
25,0.9726,0.0489
25,0.9726,0.0489
25,0.9775,0.0489
25,0.9726,0.044
25,1.0215,0.0489
25,0.9726,0.0489
25,0.9775,0.0489
25,0.9726,0.0489
25,0.9775,0.0489
25,1.0802,0.0489
25,0.9726,0.0489
25,0.9775,0.0489
26.0kHz,,
26,0.4008,0.0147
26,0.347,0
26,0.347,0
26,0.3617,0
26,0.3568,0
26,0.3421,0.0049
26,0.3617,0
26,0.347,0
26,0.3519,0
26,0.3519,0
26,0.3372,0
26,0.3519,0
26,0.4008,0
26,0.3421,0
26,0.3372,0
26,0.347,0
26,0.3519,0
26,0.3421,0
26,0.3666,0
26,0.3372,0
26,0.3324,0
26,0.3421,0
26,0.3324,0
26,0.3372,0
26,0.2835,0
26,0.3372,0
26,0.3372,0
26,0.3372,0
26,0.3372,0
26,0.3372,0
26,0.3617,0
26,0.3372,0
26,0.3324,0
26,0.3275,0
26,0.3177,0
26,0.3177,0
26,0.3715,0
26,0.3177,0
26,0.3079,0
26,0.3177,0
26,0.3226,0
26,0.3177,0
26,0.2786,0
26,0.3275,0
26,0.3226,0
26,0.3275,0
26,0.3226,0
26,0.3275,0
26,0.2835,0
26,0.3275,0
27.0kHz,,
27,0.1124,0
27,0,0
27,0,0
27,0,0
27,0,0
27,0,0
27,0,0
27,0,0
27,0,0
27,0,0
27,0,0
27,0,0
27,0,0
27,0,0
27,0,0
27,0,0
27,0,0
27,0,0
27,0,0
27,0,0
27,0,0
27,0,0
27,0,0
27,0,0
27,0,0
27,0,0
27,0,0
27,0,0
27,0,0
27,0,0
27,0,0
27,0,0
27,0,0
27,0,0
27,0,0
27,0,0
27,0,0
27,0,0
27,0,0
27,0,0
27,0,0
27,0,0
27,0,0
27,0,0
27,0,0
27,0,0
27,0,0
27,0,0
27,0,0
27,0,0
28.0kHz,,
28,0,0
28,0,0
28,0,0
28,0,0
28,0,0
28,0,0
28,0,0
28,0,0
28,0,0
28,0,0
28,0,0
28,0,0
28,0,0
28,0,0
28,0,0
28,0,0
28,0,0
28,0,0
28,0,0
28,0,0
28,0,0
28,0,0
28,0,0
28,0,0
28,0,0
28,0,0
28,0,0
28,0,0
28,0,0
28,0,0
28,0,0
28,0,0
28,0,0
28,0,0
28,0,0
28,0,0
28,0,0
28,0,0
28,0,0
28,0,0
28,0,0
28,0,0
28,0,0
28,0,0
28,0,0
28,0,0
28,0,0
28,0,0
28,0,0
28,0,0
29.0kHz,,
29,0.3079,0
29,0.3177,0
29,0.3079,0
29,0.3128,0
29,0.303,0
29,0.3275,0
29,0.303,0
29,0.3568,0
29,0.3324,0
29,0.3372,0
29,0.3226,0
29,0.2933,0
29,0.3128,0
29,0.303,0
29,0.303,0
29,0.3128,0
29,0.3372,0
29,0.303,0
29,0.3177,0
29,0.2981,0
29,0.3079,0
29,0.3324,0
29,0.2688,0
29,0.2835,0
29,0.2835,0
29,0.3128,0
29,0.2688,0
29,0.303,0
29,0.2933,0
29,0.2981,0
29,0.2933,0
29,0.2933,0
29,0.2835,0
29,0.303,0
29,0.2835,0
29,0.2933,0
29,0.3617,0
29,0.2981,0
29,0.2786,0
29,0.2688,0
29,0.303,0
29,0.2884,0
29,0.2737,0
29,0.2835,0
29,0.2737,0
29,0.2737,0
29,0.2884,0
29,0.2688,0
29,0.2835,0
29,0.2981,0
30.0kHz,,
30,0.4741,0
30,0.4888,0
30,0.4839,0
30,0.4594,0
30,0.4741,0
30,0.4643,0
30,0.4741,0
30,0.479,0.0098
30,0.4545,0
30,0.4936,0
30,0.4692,0.0049
30,0.4692,0
30,0.4545,0
30,0.4839,0
30,0.4692,0
30,0.4643,0
30,0.4936,0
30,0.4839,0
30,0.4985,0
30,0.4936,0
30,0.5083,0.0049
30,0.523,0.0049
30,0.4985,0.0049
30,0.5327,0.0049
30,0.479,0.0049
30,0.4839,0.0049
30,0.5181,0
30,0.523,0.0049
30,0.4497,0.0049
30,0.4936,0.0049
30,0.5083,0.0049
30,0.5132,0
30,0.5034,0.0049
30,0.5034,0.0049
30,0.5181,0.0049
30,0.4399,0.0049
30,0.4839,0
30,0.479,0
30,0.479,0
30,0.5181,0
30,0.5132,0.0049
30,0.5279,0.0049
30,0.5132,0.0049
30,0.523,0
30,0.4936,0.0049
30,0.4985,0.0049
30,0.4936,0
30,0.4643,0.0049
30,0.4399,0.0098
30,0.4692,0
31.0kHz,,
31,0.5572,0.0147
31,0.5767,0.0147
31,0.5718,0.0196
31,0.5865,0.0196
31,0.6207,0.0196
31,0.6305,0.0244
31,0.6354,0.0244
31,0.6354,0.0244
31,0.5963,0.0196
31,0.65,0.0244
31,0.5865,0.0244
31,0.6158,0.0244
31,0.5767,0.0196
31,0.6012,0.0049
31,0.567,0.0196
31,0.6158,0.0196
31,0.5963,0.0196
31,0.6549,0.0244
31,0.6354,0.0147
31,0.6891,0.0244
31,0.6452,0.0293
31,0.6647,0.0244
31,0.5572,0.0196
31,0.5767,0.0293
31,0.5425,0.0147
31,0.5621,0.0147
31,0.5376,0.0147
31,0.5621,0.0098
31,0.5083,0.0293
31,0.523,0.0098
31,0.4888,0.0098
31,0.4985,0.0098
31,0.5083,0.0098
31,0.5034,0.0147
31,0.391,0.0049
31,0.3763,0
31,0.3372,0
31,0.3715,0
31,0.3812,0
31,0.435,0
31,0.4203,0
31,0.3128,0
31,0.4106,0
31,0.4154,0
31,0.4008,0
31,0.4154,0
31,0.3568,0.0049
31,0.3715,0
31,0.4203,0
31,0.3763,0
32.0kHz,,
32,0.5914,0.0293
32,0.6305,0.0391
32,0.6109,0.044
32,0.6256,0.0391
32,0.6158,0.044
32,0.6109,0.044
32,0.6207,0.044
32,0.6158,0.044
32,0.6354,0.0489
32,0.6012,0.044
32,0.6305,0.044
32,0.6158,0.044
32,0.6354,0.044
32,0.6061,0.0391
32,0.6305,0.0391
32,0.6256,0.0391
32,0.6158,0
32,0.6256,0.0391
32,0.6158,0.044
32,0.6403,0.0391
32,0.6158,0.044
32,0.6305,0.044
32,0.5963,0.044
32,0.6109,0.0391
32,0.5767,0.0196
32,0.8016,0.0489
32,0.9042,0.0587
32,0.7283,0.044
32,0.6696,0.0342
32,0.6158,0.0244
32,0.6452,0.0293
32,0.6452,0.0293
32,0.6794,0.0733
32,0.5767,0.0342
32,0.6158,0.0391
32,0.6061,0.044
32,0.6305,0.044
32,0.6158,0.044
32,0.6354,0.044
32,0.6061,0.0391
32,0.6305,0.044
32,0.6158,0.044
32,0.6403,0.0391
32,0.6061,0.044
32,0.6305,0.0391
32,0.6305,0.0391
32,0.6158,0.0342
32,0.6452,0.0342
32,0.6256,0.0147
32,0.6647,0.0391
33.0kHz,,
33,0.8749,0.0782
33,0.8456,0.0831
33,0.8847,0.0831
33,0.8504,0.0831
33,0.8798,0.088
33,0.8798,0.0831
33,0.8553,0.0831
33,0.8944,0.1026
33,0.9286,0.0831
33,0.8993,0.088
33,0.8553,0.0684
33,0.8944,0.0831
33,0.8798,0.088
33,0.8895,0.0831
33,0.9091,0.088
33,0.8847,0.088
33,0.8895,0.088
33,0.8798,0.088
33,0.8553,0.088
33,0.8993,0.088
33,0.8456,0.088
33,0.8895,0.088
33,0.8798,0.088
33,0.8651,0.088
33,0.9873,0.1124
33,0.8211,0.088
33,0.9091,0.088
33,0.8553,0.088
33,0.8993,0.088
33,0.8798,0.0831
33,0.8944,0.088
33,0.9091,0.088
33,0.87,0.088
33,0.8895,0.0831
33,0.87,0.088
33,0.87,0.0831
33,0.8993,0.0831
33,0.8798,0.0831
33,0.8993,0.0489
33,0.8895,0.088
33,0.9042,0.088
33,0.9286,0.0782
33,0.8065,0.0831
33,0.9042,0.088
33,0.8602,0.088
33,0.9042,0.088
33,0.87,0.088
33,0.8944,0.088
33,0.8847,0.088
33,0.8749,0.088
34.0kHz,,
34,1.0997,0.1222
34,1.1535,0.1466
34,1.1193,0.132
34,1.1144,0.1271
34,1.1632,0.132
34,1.1193,0.132
34,1.1144,0.1271
34,1.173,0.1369
34,1.1144,0.132
34,1.1535,0.1075
34,1.1193,0.132
34,1.1095,0.1271
34,1.1437,0.1662
34,1.1241,0.132
34,1.1193,0.132
34,1.1632,0.1515
34,1.1241,0.132
34,1.1241,0.132
34,1.0997,0.1662
34,1.1632,0.132
34,1.1486,0.1271
34,1.1339,0.1222
34,1.1241,0.132
34,1.1632,0.132
34,1.1339,0.0929
34,1.1193,0.1369
34,1.1584,0.1271
34,1.1144,0.1075
34,1.1486,0.132
34,1.1535,0.132
34,1.173,0.1369
34,1.1926,0.132
34,1.1486,0.1271
34,1.1486,0.1466
34,1.1632,0.132
34,1.1584,0.132
34,1.1632,0.1271
34,1.1779,0.132
34,1.1339,0.132
34,1.1437,0.1417
34,1.2463,0.132
34,1.0997,0.1271
34,1.1632,0.132
34,1.1339,0.1222
34,1.1437,0.1271
34,1.1632,0.1124
34,1.1241,0.1222
34,1.1388,0.1222
34,1.1584,0.1271
34,1.1144,0.1222
35.0kHz,,
35,1.2659,0.1222
35,1.3441,0.1124
35,1.2805,0.1173
35,1.2414,0.1173
35,1.2121,0.1173
35,1.2659,0.1222
35,1.2463,0.1222
35,1.2023,0.1173
35,1.2366,0.1222
35,1.2708,0.1222
35,1.2219,0.1173
35,1.2561,0.1173
35,1.2708,0.1222
35,1.2268,0.1222
35,1.2463,0.1222
35,1.261,0.1271
35,1.2317,0.1222
35,1.2317,0.1222
35,1.3099,0.1222
35,1.2317,0.1222
35,1.261,0.1173
35,1.2903,0.1222
35,1.2463,0.1222
35,1.2268,0.132
35,1.2805,0.1222
35,1.2512,0.1222
35,1.2268,0.088
35,1.2757,0.1222
35,1.2757,0.1271
35,1.217,0.1075
35,1.261,0.1222
35,1.2854,0.1173
35,1.2659,0.1222
35,1.305,0.132
35,1.3783,0.1271
35,1.3245,0.1271
35,1.3881,0.1369
35,1.4467,0.1417
35,1.3978,0.1417
35,1.4125,0.132
35,1.4614,0.1369
35,1.4174,0.1369
35,1.4076,0.1369
35,1.437,0.1369
35,1.4076,0.1369
35,1.4076,0.2102
35,1.437,0.1417
35,1.4174,0.1417
35,1.393,0.2297
35,1.4467,0.1417
36.0kHz,,
36,1.4272,0.1075
36,1.4956,0.1124
36,1.4516,0.1124
36,1.5347,0.1124
36,1.4809,0.1075
36,1.4907,0.1075
36,1.4321,0.0538
36,1.4174,0.1026
36,1.4956,0.1075
36,1.4467,0.1075
36,1.4321,0.1124
36,1.4761,0.1124
36,1.4956,0.1173
36,1.4663,0.1222
36,1.4272,0.1173
36,1.4712,0.1124
36,1.3978,0.1271
36,1.4712,0.1173
36,1.4223,0.1173
36,1.5005,0.1124
36,1.5152,0.1124
36,1.4418,0.1124
36,1.4614,0.1075
36,1.5103,0.044
36,1.4809,0.1075
36,1.4516,0.1075
36,1.4712,0.1124
36,1.5054,0.1075
36,1.4663,0.1075
36,1.564,0.1124
36,1.52,0.1173
36,1.5054,0.1124
36,1.4614,0.1124
36,1.4614,0.1075
36,1.5298,0.1124
36,1.4907,0.1173
36,1.4516,0.1124
36,1.4809,0.1124
36,1.5249,0.1124
36,1.4956,0.1124
36,1.4565,0.1075
36,1.5103,0.1075
36,1.5347,0.1075
36,1.4956,0.1173
36,1.4663,0.1075
36,1.52,0.1075
36,1.5298,0.1075
36,1.4663,0.1075
36,1.4712,0.1124
36,1.5298,0.1124
37.0kHz,,
37,1.6276,0.2004
37,1.5689,0.2053
37,1.5934,0.2053
37,1.5738,0.2395
37,1.5249,0.2004
37,1.5689,0.2004
37,1.5934,0.1955
37,1.5885,0.2053
37,1.5543,0.1906
37,1.5445,0.2004
37,1.5787,0.1955
37,1.6325,0.1955
37,1.5689,0.2053
37,1.5347,0.2004
37,1.5347,0.1026
37,1.5885,0.1906
37,1.6569,0.1955
37,1.5298,0.1857
37,1.5298,0.1955
37,1.5738,0.1906
37,1.5934,0.1906
37,1.5689,0.1906
37,1.52,0.1808
37,1.5396,0.1808
37,1.5787,0.1857
37,1.5885,0.1613
37,1.5054,0.1711
37,1.5591,0.1711
37,1.564,0.1857
37,1.564,0.1711
37,1.5543,0.1662
37,1.52,0.176
37,1.5543,0.1711
37,1.5298,0.1466
37,1.4418,0.1124
37,1.3734,0.0978
37,1.3539,0.088
37,1.3539,0.0831
37,1.2903,0.0733
37,1.173,0.0587
37,1.3245,0.0929
37,1.3978,0.1124
37,1.4027,0.088
37,1.5738,0.1369
37,1.4712,0.1369
37,1.4174,0.1173
37,1.4027,0.1075
37,1.4809,0.1173
37,1.4614,0.1222
37,1.3832,0.1124
38.0kHz,,
38,1.4858,0.1711
38,1.52,0.1906
38,1.5103,0.1906
38,1.5152,0.2053
38,1.5103,0.2102
38,1.5396,0.2102
38,1.5543,0.2102
38,1.5249,0.2004
38,1.5054,0.1955
38,1.5054,0.2053
38,1.52,0.2053
38,1.5445,0.2004
38,1.5396,0.1955
38,1.52,0.1906
38,1.5054,0.1955
38,1.4467,0.176
38,1.5054,0.1808
38,1.52,0.1808
38,1.5298,0.1808
38,1.5152,0.1955
38,1.5787,0.1857
38,1.5152,0.1808
38,1.5249,0.1857
38,1.5298,0.2444
38,1.5298,0.1955
38,1.5103,0.1906
38,1.5298,0.1857
38,1.5152,0.1906
38,1.5298,0.1857
38,1.4809,0.1906
38,1.5298,0.1857
38,1.5054,0.1857
38,1.4956,0.1857
38,1.4858,0.1857
38,1.5347,0.1955
38,1.5005,0.2004
38,1.5347,0.2053
38,1.5103,0.2053
38,1.6716,0.2102
38,1.5347,0.2102
38,1.5103,0.2004
38,1.5445,0.1906
38,1.5591,0.1955
38,1.5787,0.1857
38,1.4907,0.1906
38,1.5103,0.1906
38,1.5347,0.1808
38,1.5298,0.1857
38,1.5005,0.1857
38,1.4761,0.176
39.0kHz,,
39,1.4223,0.2542
39,1.4223,0.2199
39,1.4321,0.2151
39,1.4516,0.2199
39,1.4467,0.2102
39,1.437,0.2151
39,1.4516,0.2102
39,1.4272,0.2004
39,1.4321,0.1955
39,1.437,0.2004
39,1.4223,0.2102
39,1.4516,0.2102
39,1.4516,0.2102
39,1.4516,0.1906
39,1.4516,0.2102
39,1.4076,0.2151
39,1.3978,0.2053
39,1.4125,0.2248
39,1.437,0.2151
39,1.4663,0.2053
39,1.4907,0.2004
39,1.4809,0.2053
39,1.4467,0.2053
39,1.4321,0.2151
39,1.437,0.2151
39,1.4858,0.2053
39,1.4418,0.2102
39,1.4418,0.2004
39,1.4907,0.2053
39,1.4761,0.1955
39,1.4614,0.1808
39,1.4467,0.2004
39,1.4174,0.2102
39,1.4467,0.2102
39,1.4809,0.176
39,1.4809,0.1955
39,1.4712,0.1857
39,1.4467,0.1808
39,1.4223,0.1662
39,1.437,0.176
39,1.4076,0.176
39,1.4663,0.1955
39,1.4663,0.176
39,1.4956,0.1955
39,1.4614,0.1955
39,1.4956,0.1906
39,1.4321,0.1857
39,1.4321,0.2004
39,1.4272,0.2004
39,1.4663,0.2004
40.0kHz,,
40,1.2023,0.1369
40,1.2512,0.1222
40,1.1877,0.1173
40,1.1975,0.1124
40,1.1681,0.1124
40,1.217,0.1173
40,1.2659,0.1222
40,1.2708,0.1124
40,1.1779,0.1222
40,1.2854,0.1173
40,1.2805,0.1173
40,1.261,0.1222
40,1.1828,0.1026
40,1.217,0.1173
40,1.1584,0.1173
40,1.2023,0.1124
40,1.1681,0.1124
40,1.261,0.1173
40,1.1535,0.1124
40,1.1681,0.1124
40,1.2561,0.1173
40,1.1681,0.1515
40,1.1584,0.1124
40,1.261,0.1173
40,1.1779,0.1173
40,1.1095,0.1124
40,1.1193,0.1222
40,1.2072,0.1173
40,1.217,0.1173
40,1.2268,0.1173
40,1.1975,0.0538
40,1.2512,0.1173
40,1.1095,0.1124
40,1.1046,0.1075
40,1.1144,0.1075
40,1.0606,0.1075
40,1.0802,0.1075
40,1.1144,0.1075
40,1.1193,0.1026
40,1.0655,0.0978
40,1.1144,0.1075
40,1.0997,0.1124
40,1.085,0.1124
40,1.1339,0.1124
40,1.1193,0.1124
40,1.1144,0.1075
40,1.1388,0.1124
40,1.1437,0.1124
40,1.1095,0.0978
40,1.0899,0.0782
41.0kHz,,
41,0.7771,0.0635
41,0.6794,0.0635
41,0.6989,0.0489
41,0.6598,0.0489
41,0.6745,0.044
41,0.7087,0.044
41,0.6745,0.0587
41,0.6745,0.0489
41,0.6891,0.0489
41,0.6452,0.0489
41,0.6891,0.0489
41,0.7136,0.0538
41,0.6598,0.0489
41,0.6696,0.0489
41,0.6745,0.0489
41,0.6891,0.0587
41,0.7185,0.0587
41,0.7038,0.0489
41,0.6843,0.0489
41,0.6647,0.0489
41,0.6843,0.0538
41,0.7038,0.0587
41,0.6647,0.0489
41,0.6989,0.0538
41,0.7038,0.0538
41,0.7283,0.0147
41,0.8309,0.0635
41,0.8944,0.0733
41,0.8211,0.0684
41,0.7722,0.0684
41,0.8162,0.0782
41,0.7869,0.0782
41,0.7576,0.0684
41,0.7771,0.0684
41,0.7478,0.0635
41,0.7429,0.0635
41,0.6843,0.0635
41,0.7136,0.0635
41,0.6843,0.0635
41,0.7234,0.0635
41,0.7283,0.0929
41,0.6598,0.0635
41,0.6794,0.0635
41,0.7136,0.0635
41,0.6598,0.0684
41,0.65,0.0684
41,0.7234,0.0684
41,0.7038,0.0635
41,0.6745,0.0635
41,0.6843,0.0635
42.0kHz,,
42,0.4594,0.0538
42,0.4839,0.0538
42,0.479,0.0489
42,0.5816,0.0684
42,0.5816,0.0587
42,0.6158,0.0538
42,0.7674,0.0587
42,0.8553,0.0684
42,0.8504,0.0684
42,0.6843,0.0587
42,0.738,0.0635
42,0.694,0.0635
42,0.6452,0.0587
42,0.567,0.0538
42,0.4203,0.044
42,0.3812,0.0489
42,0.4643,0.0391
42,0.4888,0.0489
42,0.5523,0.0489
42,0.5816,0.0587
42,0.4594,0.0587
42,0.4936,0.0635
42,0.4643,0.0489
42,0.4399,0.0587
42,0.4594,0.0538
42,0.435,0.044
42,0.4594,0.044
42,0.4497,0.0489
42,0.4252,0.0293
42,0.4301,0.044
42,0.4008,0.044
42,0.4154,0.0489
42,0.4203,0.0391
42,0.4594,0.0391
42,0.4154,0.044
42,0.4203,0.044
42,0.347,0.0293
42,0.4252,0.044
42,0.4203,0.044
42,0.4692,0.0391
42,0.435,0.0391
42,0.4057,0.0391
42,0.3372,0.0733
42,0.3959,0.0293
42,0.4203,0.0342
42,0.4399,0.0293
42,0.3861,0.0391
42,0.3861,0.0391
42,0.3568,0.0489
42,0.347,0.0342
43.0kHz,,
43,0.3177,0.0244
43,0.3275,0.0244
43,0.3177,0.0342
43,0.3177,0.0342
43,0.3372,0.0342
43,0.3177,0.0342
43,0.3372,0.0293
43,0.3128,0.0293
43,0.3079,0.0244
43,0.2835,0.0293
43,0.391,0.0538
43,0.3275,0.0342
43,0.3324,0.0293
43,0.3519,0.0196
43,0.3617,0.0293
43,0.3519,0.0244
43,0.3421,0.0293
43,0.3617,0.0293
43,0.3763,0.0293
43,0.3568,0
43,0.3519,0.0196
43,0.3275,0.0293
43,0.3812,0.0244
43,0.3275,0.0293
43,0.3275,0.0293
43,0.3617,0.0196
43,0.3763,0.0293
43,0.3519,0.0244
43,0.391,0.0293
43,0.3372,0.0293
43,0.3812,0.0293
43,0.3715,0.0293
43,0.3666,0.0196
43,0.4008,0.0293
43,0.4106,0.0244
43,0.4057,0.0293
43,0.3861,0.0342
43,0.3666,0.0342
43,0.3861,0.0342
43,0.3861,0.0293
43,0.3666,0.0342
43,0.3128,0.0244
43,0.3715,0.0391
43,0.3812,0.0391
43,0.3519,0.0342
43,0.3861,0.0391
43,0.4399,0.0293
43,0.4106,0.0342
43,0.3861,0.0391
43,0.3812,0.0391
44.0kHz,,
44,0.3715,0.0244
44,0.4252,0.0196
44,0.3372,0.0049
44,0.347,0.0147
44,0.3324,0.0049
44,0.3324,0.0098
44,0.3568,0.0098
44,0.3666,0.0147
44,0.4106,0.0147
44,0.347,0.0244
44,0.3812,0.0196
44,0.3324,0.0098
44,0.4252,0.0098
44,0.3763,0.0098
44,0.347,0.0147
44,0.3861,0.0147
44,0.3568,0.0196
44,0.3617,0.0147
44,0.3666,0.0147
44,0.3568,0.0147
44,0.3617,0
44,0.3275,0.0147
44,0.3128,0.0147
44,0.3715,0.0147
44,0.3568,0.0196
44,0.391,0.0244
44,0.3421,0.0147
44,0.3617,0
44,0.3324,0.0147
44,0.3372,0.0147
44,0.3519,0.0147
44,0.3324,0.0098
44,0.3959,0.0244
44,0.3519,0.0147
44,0.3812,0.044
44,0.2981,0.0147
44,0.3861,0.0147
44,0.3812,0.0147
44,0.3421,0.0049
44,0.3763,0.0147
44,0.3763,0.0147
44,0.3519,0.0147
44,0.303,0.0147
44,0.3568,0.0147
44,0.3812,0.0147
44,0.435,0.0049
44,0.347,0.0049
44,0.3617,0.0147
44,0.3372,0.0196
44,0.3421,0.0147
45.0kHz,,
45,0.3372,0
45,0.3324,0.0049
45,0.3861,0.0049
45,0.3372,0.0049
45,0.3421,0.0049
45,0.303,0
45,0.3617,0.0049
45,0.2884,0
45,0.3275,0.0049
45,0.3079,0.0147
45,0.3372,0.0049
45,0.3421,0.0049
45,0.3128,0.0098
45,0.3568,0.0049
45,0.3226,0.0147
45,0.3275,0.0098
45,0.2933,0.0049
45,0.3275,0.0049
45,0.3226,0
45,0.3079,0.0049
45,0.347,0.0049
45,0.3128,0.0049
45,0.3177,0.0147
45,0.3519,0
45,0.3177,0.0049
45,0.3226,0.0098
45,0.2933,0.0049
45,0.2395,0.0049
45,0.2884,0.0049
45,0.303,0.0049
45,0.2933,0
45,0.2688,0.0049
45,0.2444,0.0147
45,0.2786,0.0049
45,0.3324,0
45,0.2981,0.0049
45,0.303,0.0049
45,0.2835,0.0049
45,0.3079,0.0098
45,0.2884,0.0049
45,0.3128,0.0049
45,0.3226,0
45,0.3226,0.0049
45,0.2835,0.0049
45,0.2884,0.0049
45,0.2444,0.0049
45,0.2786,0
45,0.3079,0.0049
45,0.2737,0.0049
45,0.3568,0.0049
46.0kHz,,
46,0.2542,0
46,0.2346,0.0049
46,0.2542,0
46,0.2737,0.0049
46,0.2688,0.0049
46,0.2542,0.0049
46,0.2639,0.0049
46,0.2639,0
46,0.2639,0
46,0.347,0
46,0.259,0
46,0.3226,0
46,0.259,0.0049
46,0.2444,0
46,0.259,0
46,0.2639,0.0049
46,0.2639,0.0098
46,0.2981,0.0098
46,0.2493,0
46,0.2639,0.0049
46,0.2346,0
46,0.259,0
46,0.2444,0
46,0.2493,0
46,0.2346,0
46,0.2346,0
46,0.2444,0.0147
46,0.2444,0.0049
46,0.3324,0.0098
46,0.3079,0
46,0.2053,0.0098
46,0.259,0
46,0.2737,0.0049
46,0.259,0.0049
46,0.2786,0.0049
46,0.2688,0
46,0.2688,0.0244
46,0.2786,0.0049
46,0.3275,0.0049
46,0.2981,0.0049
46,0.4057,0.0049
46,0.4594,0.0098
46,0.7674,0.0098
46,0.4203,0.0098
46,0.3372,0.0049
46,0.3177,0.0049
46,0.3372,0
46,0.3128,0.0049
46,0.3519,0
46,0.3617,0
47.0kHz,,
47,0.2493,0.0147
47,0.2786,0
47,0.2444,0
47,0.2493,0
47,0.2248,0.0049
47,0.1955,0
47,0.2395,0
47,0.2688,0
47,0.2542,0
47,0.3079,0
47,0.2835,0
47,0.2884,0
47,0.2688,0
47,0.3079,0.0049
47,0.3128,0
47,0.3226,0
47,0.303,0
47,0.2981,0.0098
47,0.3128,0
47,0.3226,0
47,0.303,0.0049
47,0.3177,0.0049
47,0.3079,0.0049
47,0.3177,0.0049
47,0.2933,0.0098
47,0.3275,0.0049
47,0.3177,0
47,0.3275,0
47,0.303,0
47,0.2884,0
47,0.2981,0.0049
47,0.303,0
47,0.2835,0.0098
47,0.2933,0
47,0.2199,0
47,0.2053,0
47,0.1906,0.0244
47,0.2199,0.0098
47,0.2395,0
47,0.2444,0
47,0.2542,0
47,0.2102,0
47,0.2884,0
47,0.303,0
47,0.2786,0
47,0.3372,0
47,0.2884,0
47,0.2444,0
47,0.2053,0
47,0.2542,0.0049
48.0kHz,,
48,0.9482,0.044
48,0.9433,0.0538
48,0.9531,0.0489
48,0.9482,0.0489
48,0.9873,0.0489
48,0.9384,0.0489
48,0.9677,0.0489
48,0.958,0.0489
48,0.9482,0.0489
48,0.9384,0.0489
48,0.9482,0.0489
48,0.9531,0.0489
48,0.9384,0.0538
48,0.9335,0.0489
48,0.9384,0.0244
48,0.9824,0.0244
48,0.9433,0.0538
48,0.9384,0.0538
48,0.9482,0.0489
48,0.9726,0.0489
48,0.9531,0.0489
48,0.9482,0.0489
48,0.9384,0.0489
48,0.9433,0.0489
48,0.9433,0.0489
48,0.9384,0.0489
48,0.9335,0.0489
48,0.9384,0.0489
48,0.9824,0.0489
48,0.9433,0.044
48,0.9091,0
48,0.9384,0.0244
48,0.9726,0.0538
48,0.9433,0.0489
48,0.9384,0.0489
48,0.9286,0.0489
48,0.9384,0.0489
48,0.9433,0.0489
48,0.9286,0.0489
48,0.9286,0.0489
48,0.9384,0.0489
48,0.9629,0.0489
48,0.9335,0.0538
48,0.8895,0.0489
48,0.9286,0.0489
48,0.9824,0.0684
48,0.9335,0
48,0.9335,0.0538
48,0.9286,0.044
48,0.9335,0.0489
49.0kHz,,
49,0.6354,0.0342
49,0.6598,0.0244
49,0.6452,0.0244
49,0.6403,0.0244
49,0.6354,0.0244
49,0.6549,0.0244
49,0.7283,0.0196
49,0.6696,0
49,0.6647,0
49,0.6549,0.0147
49,0.6061,0.0196
49,0.6598,0.0196
49,0.6647,0.0244
49,0.6158,0.0196
49,0.6647,0.0244
49,0.6745,0.0196
49,0.6598,0.0244
49,0.6647,0.0196
49,0.6549,0.0196
49,0.6354,0.0244
49,0.7234,0.0244
49,0.6696,0.0244
49,0.6598,0.0244
49,0.6549,0.0244
49,0.6843,0.0196
49,0.6549,0.0196
49,0.6647,0.0196
49,0.6647,0.0244
49,0.6598,0.0244
49,0.6598,0.0147
49,0.6696,0
49,0.65,0
49,0.6549,0.0244
49,0.6696,0.0196
49,0.7038,0.0244
49,0.65,0.0244
49,0.6647,0.0196
49,0.6549,0.0244
49,0.6647,0.0196
49,0.6452,0.0244
49,0.6403,0.0196
49,0.6354,0.0196
49,0.6305,0.0196
49,0.6354,0.0196
49,0.6305,0.0196
49,0.6403,0.0196
49,0.6207,0.0196
49,0.6354,0.0196
49,0.7576,0.0196
49,0.7038,0.0147
50.0kHz,,
50,0.4057,0
50,0.4057,0
50,0.4008,0
50,0.4106,0
50,0.3861,0
50,0.4057,0
50,0.4203,0
50,0.4203,0
50,0.3715,0
50,0.4154,0
50,0.4448,0
50,0.4399,0
50,0.4399,0
50,0.4692,0
50,0.435,0
50,0.4448,0
50,0.4448,0
50,0.4497,0
50,0.5034,0
50,0.435,0
50,0.4545,0
50,0.4594,0.0098
50,0.4594,0
50,0.4741,0.0147
50,0.4448,0.0196
50,0.4545,0.0049
50,0.4448,0
50,0.4399,0
50,0.4594,0
50,0.4448,0
50,0.4594,0
50,0.4643,0
50,0.4643,0
50,0.4692,0
50,0.4692,0
50,0.4643,0
50,0.4399,0
50,0.4594,0
50,0.4448,0
50,0.4545,0
50,0.4594,0
50,0.4643,0
50,0.4594,0
50,0.4545,0
50,0.435,0
50,0.4692,0
50,0.4594,0
50,0.4643,0
50,0.4545,0
50,0.4692,0
51.0kHz,,
51,0.2199,0
51,0.1026,0
51,0.1222,0
51,0.1075,0
51,0.1075,0
51,0.2542,0
51,0.3079,0
51,0.3715,0
51,0.3421,0
51,0.3617,0
51,0.4692,0
51,0.2248,0
51,0.1906,0
51,0.1173,0.0049
51,0.1271,0
51,0.1369,0
51,0.2004,0
51,0.2004,0
51,0.2884,0
51,0.4057,0
51,0.4008,0
51,0.2395,0
51,0.1222,0.0147
51,0.0978,0.0049
51,0.0733,0
51,0.0831,0
51,0.088,0.0098
51,0.0831,0
51,0.0733,0
51,0.0635,0
51,0.088,0
51,0.0538,0
51,0.0782,0
51,0.0733,0
51,0.0782,0
51,0.0684,0
51,0.0782,0
51,0.0782,0
51,0.0733,0
51,0.0831,0
51,0.0635,0
51,0.0733,0
51,0.0929,0
51,0.0831,0
51,0.0831,0
51,0.0635,0
51,0.0733,0
51,0.088,0
51,0.088,0
51,0.0733,0
52.0kHz,,
52,0,0
52,0,0
52,0,0
52,0,0
52,0,0
52,0,0
52,0,0
52,0,0
52,0,0
52,0,0
52,0,0
52,0,0
52,0,0
52,0,0
52,0,0
52,0,0
52,0,0
52,0,0
52,0,0
52,0,0
52,0,0
52,0,0
52,0,0
52,0,0
52,0,0
52,0,0
52,0,0
52,0,0
52,0,0
52,0,0
52,0,0
52,0,0
52,0,0
52,0,0
52,0,0
52,0,0
52,0,0
52,0,0
52,0,0
52,0,0
52,0,0
52,0,0
52,0,0
52,0,0
52,0,0
52,0,0
52,0,0
52,0,0
52,0,0
52,0,0
53.0kHz,,
53,0,0
53,0,0
53,0.0098,0
53,0,0
53,0.0196,0
53,0.0244,0
53,0.0049,0
53,0.0049,0
53,0.0098,0
53,0.0098,0
53,0.0147,0
53,0.0196,0
53,0.0244,0
53,0.0196,0
53,0.0049,0
53,0.0098,0
53,0,0
53,0.0196,0
53,0.0244,0
53,0.0049,0
53,0.0049,0
53,0.0049,0
53,0.0098,0
53,0.0098,0
53,0.0196,0
53,0.0244,0
53,0.0244,0
53,0.0049,0
53,0.0098,0
53,0.0098,0
53,0.0098,0
53,0.0196,0
53,0.0244,0
53,0.0147,0
53,0.0049,0
53,0.0098,0
53,0,0
53,0.0196,0
53,0.0244,0
53,0.0196,0
53,0.0049,0
53,0.0098,0
53,0.0098,0
53,0.0098,0
53,0.0196,0
53,0.0244,0
53,0.0244,0
53,0.0049,0
53,0.0098,0
53,0.0293,0
54.0kHz,,
54,0,0
54,0,0
54,0,0
54,0,0
54,0,0
54,0,0
54,0,0
54,0,0
54,0,0
54,0,0
54,0,0
54,0,0
54,0,0
54,0,0
54,0,0
54,0,0
54,0,0
54,0,0
54,0,0
54,0,0
54,0,0
54,0,0
54,0,0
54,0,0
54,0,0
54,0,0
54,0,0
54,0,0
54,0,0
54,0,0
54,0,0
54,0,0
54,0,0
54,0,0
54,0,0
54,0,0
54,0,0
54,0,0
54,0,0
54,0,0
54,0,0
54,0,0
54,0,0
54,0,0
54,0,0
54,0,0
54,0,0
54,0,0
54,0,0
54,0,0
55.0kHz,,
55,0,0
55,0,0
55,0,0
55,0,0
55,0,0
55,0,0
55,0,0
55,0,0
55,0,0
55,0,0
55,0,0
55,0,0
55,0,0
55,0,0
55,0,0
55,0,0
55,0,0
55,0,0
55,0,0
55,0,0
55,0,0
55,0,0
55,0,0
55,0,0
55,0,0
55,0,0
55,0,0
55,0,0
55,0,0
55,0,0
55,0,0
55,0,0
55,0,0
55,0,0
55,0,0
55,0,0
55,0,0
55,0,0
55,0,0
55,0,0
55,0,0
55,0,0
55,0,0
55,0,0
55,0,0
55,0,0
55,0,0
55,0,0
55,0,0
55,0,0
56.0kHz,,
56,0.2053,0
56,0.1369,0
56,0.1417,0
56,0.1222,0
56,0.132,0
56,0.0733,0
56,0.1271,0.0049
56,0.1613,0
56,0.1124,0
56,0.1173,0
56,0.0782,0
56,0.0978,0
56,0.0978,0
56,0.0831,0
56,0.0831,0
56,0.0733,0
56,0.0733,0
56,0.0684,0
56,0.0684,0
56,0.0782,0
56,0.0587,0
56,0.0831,0
56,0.0978,0
56,0.0831,0
56,0.0342,0
56,0.0733,0
56,0.0684,0
56,0.0684,0.0049
56,0.0684,0
56,0.0196,0
56,0.0733,0
56,0.0831,0
56,0.0929,0
56,0.0831,0
56,0.1026,0
56,0.0733,0
56,0.0684,0
56,0.0684,0
56,0.0782,0
56,0.0587,0
56,0.0831,0
56,0.0978,0
56,0.1026,0
56,0.0831,0
56,0.0929,0
56,0.0733,0
56,0.0684,0
56,0.0684,0
56,0.0782,0
56,0.0684,0
57.0kHz,,
57,0.3666,0
57,0.3959,0
57,0.4252,0
57,0.3959,0
57,0.3959,0
57,0.4106,0
57,0.4008,0
57,0.4057,0
57,0.3812,0
57,0.4008,0
57,0.4106,0
57,0.3715,0
57,0.4106,0
57,0.3959,0
57,0.3763,0
57,0.3568,0
57,0.435,0
57,0.4008,0
57,0.4008,0
57,0.3812,0
57,0.391,0
57,0.3763,0
57,0.4301,0
57,0.391,0
57,0.4203,0
57,0.4154,0
57,0.4497,0
57,0.3666,0
57,0.4741,0
57,0.4203,0
57,0.4106,0
57,0.4008,0
57,0.4008,0
57,0.3861,0
57,0.3812,0.0098
57,0.3861,0
57,0.3861,0
57,0.3959,0
57,0.435,0
57,0.3177,0
57,0.4594,0
57,0.3861,0
57,0.4008,0.0147
57,0.3715,0.0147
57,0.4008,0
57,0.4154,0
57,0.4008,0
57,0.4057,0
57,0.435,0
57,0.4154,0
58.0kHz,,
58,0.4936,0.0049
58,0.4888,0.0049
58,0.5132,0.0098
58,0.5181,0.0098
58,0.4888,0
58,0.5083,0
58,0.5523,0.0049
58,0.5034,0.0098
58,0.5279,0.0098
58,0.5132,0.0049
58,0.4888,0.0049
58,0.5132,0.0049
58,0.4839,0
58,0.4741,0.0098
58,0.479,0
58,0.479,0.0049
58,0.4448,0.0049
58,0.4985,0.0049
58,0.4594,0.0049
58,0.479,0.0098
58,0.5718,0.0098
58,0.4545,0
58,0.4888,0.0049
58,0.4888,0.0049
58,0.4985,0.0049
58,0.4936,0.0049
58,0.4936,0.0049
58,0.4252,0.0147
58,0.4594,0.0049
58,0.479,0.0049
58,0.479,0.0049
58,0.4741,0.0049
58,0.4594,0.0049
58,0.4643,0.0049
58,0.5327,0.0196
58,0.4741,0.0489
58,0.4839,0.0049
58,0.4545,0.0049
58,0.4741,0.0049
58,0.4692,0.0049
58,0.435,0.0049
58,0.3519,0.0049
58,0.4643,0.0049
58,0.479,0.0098
58,0.4497,0.0049
58,0.4203,0
58,0.4106,0
58,0.4301,0
58,0.3861,0
58,0.4399,0
59.0kHz,,
59,0.3519,0
59,0.3421,0
59,0.3324,0
59,0.3421,0
59,0.347,0
59,0.4008,0
59,0.4008,0
59,0.347,0
59,0.3421,0
59,0.3763,0
59,0.3666,0.0098
59,0.3568,0
59,0.3666,0
59,0.3763,0
59,0.391,0
59,0.2884,0
59,0.3666,0
59,0.3177,0
59,0.3861,0
59,0.3617,0
59,0.3421,0
59,0.3666,0
59,0.3617,0
59,0.3372,0.0049
59,0.3421,0.0342
59,0.3763,0
59,0.3715,0
59,0.3568,0
59,0.3568,0
59,0.3763,0
59,0.3959,0
59,0.3959,0
59,0.347,0
59,0.3568,0
59,0.4301,0
59,0.3715,0
59,0.3617,0
59,0.3519,0
59,0.3617,0
59,0.3617,0
59,0.3421,0
59,0.3372,0
59,0.391,0
59,0.3079,0
59,0.3812,0
59,0.3715,0
59,0.3666,0
59,0.3763,0
59,0.3666,0
59,0.3666,0
60.0kHz,,
60,0.5132,0
60,0.5376,0.0049
60,0.4252,0.0049
60,0.4936,0.0049
60,0.4888,0.0049
60,0.4936,0
60,0.4936,0.0049
60,0.4936,0.0049
60,0.5132,0.0049
60,0.5083,0.0049
60,0.4741,0.0098
60,0.4888,0
60,0.4839,0.0049
60,0.435,0.0049
60,0.523,0.0098
60,0.4985,0.0049
60,0.523,0
60,0.5083,0
60,0.4839,0.0049
60,0.4888,0.0049
60,0.479,0.0049
60,0.5083,0.0049
60,0.4985,0.0098
60,0.4545,0.0196
60,0.4741,0.0049
60,0.4936,0.0049
60,0.4448,0.0049
60,0.4203,0.0049
60,0.4985,0.0049
60,0.4985,0
60,0.5181,0.0049
60,0.4985,0.0049
60,0.4936,0.0049
60,0.4888,0.0049
60,0.523,0.0147
60,0.4936,0.0098
60,0.5034,0.0049
60,0.4692,0
60,0.4888,0.0049
60,0.479,0.0049
60,0.5523,0.0147
60,0.4985,0.0098
60,0.5132,0.0049
60,0.5425,0.0049
60,0.5083,0.0049
60,0.4985,0.0049
60,0.4985,0.0293
60,0.479,0.0049
60,0.4888,0.0049
60,0.4839,0.0049
61.0kHz,,
61,0.4839,0.0049
61,0.4741,0.0049
61,0.4985,0.0147
61,0.479,0.0049
61,0.4936,0.0049
61,0.4985,0.0049
61,0.5083,0.0049
61,0.5132,0.0098
61,0.4692,0.0098
61,0.4839,0.0049
61,0.4985,0.0049
61,0.5083,0.0098
61,0.5914,0.0049
61,0.4888,0.0098
61,0.5034,0.0049
61,0.523,0.0098
61,0.4888,0.0049
61,0.4936,0.0049
61,0.5083,0.0147
61,0.479,0.0049
61,0.4936,0.0049
61,0.5279,0.0098
61,0.5034,0.0049
61,0.5279,0
61,0.4936,0.0049
61,0.4839,0.0049
61,0.479,0.0049
61,0.5034,0.0049
61,0.5523,0.0391
61,0.5279,0.0098
61,0.5327,0.0098
61,0.5181,0.0049
61,0.5327,0.0049
61,0.5376,0
61,0.4301,0.0049
61,0.4888,0.0098
61,0.5963,0.0098
61,0.5279,0.0098
61,0.5767,0.0147
61,0.523,0.0049
61,0.5865,0.0098
61,0.5474,0.0098
61,0.5572,0.0098
61,0.523,0.0098
61,0.5279,0.0342
61,0.4888,0.0049
61,0.4839,0.0049
61,0.5132,0.0049
61,0.5376,0.0098
61,0.5083,0
62.0kHz,,
62,0.4448,0.0049
62,0.391,0
62,0.4497,0
62,0.4154,0.0049
62,0.4252,0
62,0.3812,0
62,0.391,0
62,0.3666,0
62,0.4106,0
62,0.391,0
62,0.4301,0.0098
62,0.4057,0
62,0.4057,0
62,0.4203,0
62,0.4154,0.0049
62,0.391,0
62,0.4203,0
62,0.3861,0
62,0.4399,0
62,0.435,0.0049
62,0.4497,0.0049
62,0.5083,0.0049
62,0.4839,0.0049
62,0.4594,0.0098
62,0.4545,0.0049
62,0.5132,0.0049
62,0.4741,0.0049
62,0.5083,0.0049
62,0.4301,0.0049
62,0.3763,0
62,0.4985,0.0049
62,0.4741,0.0049
62,0.3324,0
62,0.303,0
62,0.4252,0.0049
62,0.4301,0
62,0.3666,0
62,0.435,0
62,0.4399,0
62,0.4008,0
62,0.4203,0
62,0.4203,0
62,0.4057,0
62,0.4057,0.0049
62,0.4057,0
62,0.4399,0
62,0.4154,0
62,0.3861,0
62,0.4057,0.0049
62,0.4008,0
63.0kHz,,
63,0.3959,0.0049
63,0.3715,0.0049
63,0.3666,0
63,0.3519,0.0049
63,0.3421,0
63,0.3421,0
63,0.3519,0
63,0.347,0
63,0.3421,0
63,0.3519,0
63,0.3617,0.0098
63,0.3617,0.0049
63,0.3763,0.0049
63,0.3519,0.0049
63,0.391,0.0049
63,0.3763,0.0196
63,0.3568,0.0049
63,0.3226,0.0049
63,0.3763,0
63,0.3421,0
63,0.3519,0
63,0.3177,0
63,0.3372,0
63,0.3177,0.0049
63,0.3275,0
63,0.347,0
63,0.3519,0.0049
63,0.347,0
63,0.3421,0.0098
63,0.347,0
63,0.3519,0
63,0.3715,0.0049
63,0.3568,0.0098
63,0.3617,0
63,0.3959,0
63,0.3861,0.0049
63,0.4154,0
63,0.4545,0.0049
63,0.3666,0.0049
63,0.4545,0.0049
63,0.391,0.0049
63,0.4252,0
63,0.391,0.0049
63,0.4154,0.0049
63,0.3763,0.0049
63,0.3715,0
63,0.3715,0.0049
63,0.3568,0.0098
63,0.3715,0.0049
63,0.3763,0.0147
64.0kHz,,
64,0.4399,0.0049
64,0.4839,0.0098
64,0.4497,0.0098
64,0.4497,0.0049
64,0.4839,0.0196
64,0.4692,0.0049
64,0.4643,0.0049
64,0.4741,0.0098
64,0.479,0.0098
64,0.4643,0.0098
64,0.4594,0.0098
64,0.4448,0.0049
64,0.4448,0.0049
64,0.5034,0.0098
64,0.435,0.0098
64,0.5523,0.0098
64,0.4448,0.0098
64,0.4741,0.0098
64,0.4741,0.0098
64,0.4154,0.0098
64,0.4545,0.0098
64,0.4545,0.0147
64,0.4545,0.0098
64,0.4692,0.0098
64,0.4252,0.0098
64,0.4399,0
64,0.435,0.0098
64,0.4203,0.0049
64,0.4301,0.0098
64,0.4448,0.0098
64,0.3763,0.0049
64,0.4252,0.0049
64,0.4252,0.0049
64,0.4399,0
64,0.4643,0.0049
64,0.3519,0.0049
64,0.4008,0.0049
64,0.4399,0
64,0.4203,0.0049
64,0.3959,0.0049
64,0.4203,0.0049
64,0.4057,0
64,0.4399,0.0049
64,0.4203,0.0049
64,0.4203,0
64,0.4497,0
64,0.4301,0.0098
64,0.4057,0.0049
64,0.4497,0.0049
64,0.4399,0.0391
65.0kHz,,
65,0.6012,0.0049
65,0.6012,0.0147
65,0.5914,0.0196
65,0.6061,0.0244
65,0.6403,0.0196
65,0.6305,0.0244
65,0.65,0.0196
65,0.6012,0
65,0.694,0.0196
65,0.6256,0.0196
65,0.6305,0.0196
65,0.6256,0.0098
65,0.6354,0.0196
65,0.6061,0.0196
65,0.6109,0.0196
65,0.6158,0.0147
65,0.6012,0.0196
65,0.5914,0.0196
65,0.6012,0.0196
65,0.567,0.0196
65,0.5963,0.0196
65,0.6012,0.0196
65,0.5914,0
65,0.6207,0.0196
65,0.6012,0.0196
65,0.6061,0.0196
65,0.6109,0.0391
65,0.6109,0.0196
65,0.6207,0.0196
65,0.6647,0.0244
65,0.5816,0.0196
65,0.6452,0.0147
65,0.6696,0.0244
65,0.6403,0.0244
65,0.6256,0.0196
65,0.6256,0.0196
65,0.6354,0.0196
65,0.6158,0.0098
65,0.5963,0.0196
65,0.6158,0.0196
65,0.6061,0.0244
65,0.6061,0.0196
65,0.5718,0.0196
65,0.5523,0.0147
65,0.6305,0.0244
65,0.6061,0.0196
65,0.6012,0.0196
65,0.6256,0.0196
65,0.6158,0
65,0.6109,0.0196
66.0kHz,,
66,0.6403,0.0342
66,0.6647,0.0391
66,0.7331,0.0391
66,0.6696,0.0587
66,0.65,0.0391
66,0.65,0.0391
66,0.6647,0.0391
66,0.6843,0.0342
66,0.65,0.0293
66,0.6256,0.0391
66,0.6696,0.0244
66,0.6256,0.0391
66,0.6549,0.0342
66,0.6549,0.0342
66,0.6647,0.0391
66,0.6403,0.0342
66,0.6207,0.0342
66,0.6354,0.0391
66,0.6256,0.0342
66,0.6061,0.0342
66,0.6354,0.0342
66,0.6354,0.0342
66,0.65,0.0342
66,0.6305,0.0342
66,0.6598,0.0489
66,0.6598,0.0391
66,0.6745,0.0391
66,0.7185,0.0391
66,0.6256,0.0391
66,0.6647,0.0391
66,0.6794,0.0391
66,0.6843,0.0293
66,0.6891,0.0342
66,0.6452,0.0342
66,0.6452,0.044
66,0.6598,0.0342
66,0.6403,0.0391
66,0.7625,0.0391
66,0.6647,0.0391
66,0.6598,0.0391
66,0.6549,0.0391
66,0.65,0
66,0.6452,0.0342
66,0.6549,0.0342
66,0.6598,0.0342
66,0.5718,0.0244
66,0.7283,0.0342
66,0.6452,0.0342
66,0.6452,0.0244
66,0.6598,0.0342
67.0kHz,,
67,0.6305,0.0391
67,0.5572,0.0391
67,0.6305,0.0391
67,0.567,0.0587
67,0.5914,0.0391
67,0.5816,0.0391
67,0.5914,0.044
67,0.5914,0.0391
67,0.5327,0.0391
67,0.5865,0.0391
67,0.5865,0.0733
67,0.6109,0.0391
67,0.5718,0.0391
67,0.5083,0.0098
67,0.4888,0.0293
67,0.6452,0.0342
67,0.5914,0.0342
67,0.5816,0.0391
67,0.6207,0.0391
67,0.5914,0.0391
67,0.6549,0.044
67,0.6207,0.0391
67,0.6256,0.044
67,0.65,0.0293
67,0.6305,0.044
67,0.6305,0.044
67,0.6207,0.0538
67,0.6158,0.044
67,0.5914,0.044
67,0.6549,0.0293
67,0.5963,0.0391
67,0.6256,0.044
67,0.5816,0.0391
67,0.6305,0.0391
67,0.5718,0.0391
67,0.6158,0.0391
67,0.6696,0.0391
67,0.6061,0.0391
67,0.5963,0.0391
67,0.6207,0.0293
67,0.5914,0.0391
67,0.5963,0.0391
67,0.5914,0.0391
67,0.5621,0.044
67,0.6061,0.0391
67,0.5865,0.044
67,0.6061,0.0391
67,0.5914,0.0391
67,0.5914,0.0391
67,0.6354,0.0293
68.0kHz,,
68,0.6549,0.044
68,0.6256,0.044
68,0.6452,0.044
68,0.6207,0.0489
68,0.6452,0.044
68,0.6158,0.044
68,0.6256,0.0538
68,0.6207,0.044
68,0.6256,0.044
68,0.6843,0.044
68,0.6158,0.044
68,0.6354,0.044
68,0.6256,0.0391
68,0.6207,0.044
68,0.6061,0.044
68,0.5963,0.0342
68,0.6207,0.044
68,0.6158,0.044
68,0.6207,0.0587
68,0.6061,0.0391
68,0.6452,0.044
68,0.5425,0.0782
68,0.6305,0.044
68,0.6354,0.044
68,0.6207,0.0782
68,0.6061,0.044
68,0.6158,0.044
68,0.6207,0.0635
68,0.6109,0.044
68,0.6256,0.044
68,0.6158,0.0587
68,0.6452,0.044
68,0.6403,0.044
68,0.6158,0.044
68,0.6403,0.044
68,0.6403,0.0489
68,0.6403,0.0391
68,0.6354,0.044
68,0.6452,0.0489
68,0.6305,0.0342
68,0.6207,0.0489
68,0.6061,0.044
68,0.65,0.0342
68,0.5425,0.044
68,0.6354,0.044
68,0.6452,0.0391
68,0.6354,0.044
68,0.6158,0.044
68,0.6012,0.044
68,0.65,0.044
69.0kHz,,
69,0.5816,0.0489
69,0.5914,0.0538
69,0.5523,0.0538
69,0.5865,0.0538
69,0.5376,0.0538
69,0.6305,0.0587
69,0.523,0.0538
69,0.5572,0.0538
69,0.567,0.0538
69,0.6305,0.0538
69,0.5621,0.0538
69,0.5474,0.0391
69,0.5718,0.0538
69,0.5523,0.0587
69,0.6354,0.0244
69,0.5376,0.0587
69,0.5523,0.0538
69,0.567,0.0538
69,0.5767,0.0538
69,0.5474,0.0538
69,0.5523,0.0587
69,0.5865,0.0538
69,0.5767,0.0538
69,0.567,0.0587
69,0.6109,0.0538
69,0.5425,0.0538
69,0.567,0.0538
69,0.567,0.0538
69,0.5816,0.0538
69,0.5376,0.0538
69,0.5767,0.0538
69,0.567,0.0684
69,0.6012,0.0538
69,0.5865,0.0538
69,0.5181,0.0391
69,0.5621,0.0538
69,0.5523,0.0538
69,0.5963,0.0098
69,0.4252,0.0538
69,0.5816,0.0538
69,0.5914,0.0342
69,0.5963,0.0538
69,0.567,0.0538
69,0.5914,0.0733
69,0.5718,0.0538
69,0.5572,0.0538
69,0.5914,0.0929
69,0.5327,0.0538
69,0.567,0.0538
69,0.5865,0.0538
70.0kHz,,
70,0.6158,0.0684
70,0.6256,0.0733
70,0.6452,0.0684
70,0.6354,0.0733
70,0.6403,0.0538
70,0.6207,0.0733
70,0.5767,0.0733
70,0.6158,0.0391
70,0.6207,0.0733
70,0.6305,0.0733
70,0.6696,0.0733
70,0.6452,0.0733
70,0.6452,0.0684
70,0.6256,0.0733
70,0.6158,0.0733
70,0.6158,0.0293
70,0.6256,0.0782
70,0.6354,0.0733
70,0.694,0.1075
70,0.6403,0.0733
70,0.65,0.0733
70,0.6305,0.0684
70,0.6403,0.0733
70,0.6305,0.0684
70,0.6207,0.0733
70,0.6256,0.0733
70,0.6843,0.0978
70,0.6452,0.0733
70,0.6452,0.0733
70,0.6354,0.0587
70,0.6354,0.0733
70,0.6549,0.0684
70,0.6207,0.0733
70,0.6305,0.0733
70,0.65,0.0831
70,0.6305,0.0782
70,0.6403,0.0733
70,0.6305,0.0782
70,0.6256,0.0733
70,0.6549,0.0733
70,0.6158,0.0635
70,0.6256,0.0733
70,0.6452,0.0782
70,0.694,0.0733
70,0.6403,0.0733
70,0.6403,0.088
70,0.6256,0.0733
70,0.6989,0.0733
70,0.6109,0.0489
70,0.6158,0.0733
71.0kHz,,
71,0.7429,0.0929
71,0.7331,0.0978
71,0.7576,0.0978
71,0.7136,0.088
71,0.7674,0.0929
71,0.7576,0.1173
71,0.7429,0.0929
71,0.8162,0.0978
71,0.7331,0.0978
71,0.7576,0.0978
71,0.738,0.1026
71,0.7674,0.0978
71,0.7674,0.0978
71,0.7527,0.0489
71,0.7967,0.0978
71,0.7429,0.0978
71,0.7478,0.0978
71,0.7625,0.0978
71,0.7918,0.0684
71,0.7674,0.0978
71,0.7527,0.0929
71,0.8211,0.088
71,0.7429,0.0978
71,0.7429,0.1026
71,0.7478,0.0978
71,0.7136,0.0929
71,0.7674,0.1466
71,0.7674,0.0978
71,0.7478,0.0978
71,0.7527,0.0978
71,0.7429,0.0978
71,0.7527,0.1271
71,0.7331,0.0929
71,0.7674,0.0978
71,0.7722,0.1026
71,0.7478,0.0929
71,0.7625,0.1075
71,0.7429,0.0978
71,0.7478,0.0978
71,0.8016,0.1173
71,0.7771,0.0978
71,0.7722,0.0978
71,0.7576,0.0978
71,0.8211,0.0978
71,0.7429,0.0635
71,0.7429,0.0978
71,0.7722,0.0978
71,0.8065,0.0831
71,0.7722,0.0978
71,0.7576,0.0831
72.0kHz,,
72,0.7625,0.1026
72,0.7331,0.0978
72,0.7576,0.0831
72,0.7038,0.1026
72,0.7722,0.088
72,0.7527,0.1026
72,0.7283,0.1026
72,0.7576,0.088
72,0.7722,0.1026
72,0.8211,0.1173
72,0.8016,0.1026
72,0.8016,0.1026
72,0.738,0.0929
72,0.7722,0.1026
72,0.7283,0.1124
72,0.7576,0.0929
72,0.7967,0.0929
72,0.7771,0.0978
72,0.7722,0.1075
72,0.6989,0.0538
72,0.7331,0.0929
72,0.7527,0.0978
72,0.8113,0.0978
72,0.7478,0.0929
72,0.7771,0.0978
72,0.7478,0.1026
72,0.7625,0.0978
72,0.7283,0.0929
72,0.7283,0.0929
72,0.7234,0.1271
72,0.7722,0.0978
72,0.7429,0.1124
72,0.8065,0.1026
72,0.7429,0.0929
72,0.7283,0.0293
72,0.7283,0.0978
72,0.7576,0.1026
72,0.7674,0.0929
72,0.738,0.0978
72,0.8016,0.1026
72,0.738,0.0929
72,0.7429,0.088
72,0.7625,0.0929
72,0.7576,0.0978
72,0.7527,0.0733
72,0.6843,0.0929
72,0.7185,0.0978
72,0.7429,0.0929
72,0.7625,0.0978
72,0.8749,0.0978
73.0kHz,,
73,0.8895,0.1271
73,0.87,0.1466
73,0.9482,0.1369
73,0.8651,0.132
73,0.8749,0.132
73,0.914,0.132
73,0.8847,0.1662
73,0.8504,0.1271
73,0.9189,0.1222
73,0.8553,0.132
73,0.87,0.1271
73,0.9091,0.1124
73,0.87,0.1271
73,0.8456,0.0929
73,0.8358,0.1271
73,0.8358,0.1075
73,0.87,0.1271
73,0.8798,0.1271
73,0.87,0.0978
73,0.8407,0.1271
73,0.8456,0.1417
73,0.8358,0.1222
73,0.9335,0.1222
73,0.8651,0.1222
73,0.8651,0.1222
73,0.8309,0.1662
73,0.8407,0.1271
73,0.8407,0.1173
73,0.8798,0.1222
73,0.8602,0.1222
73,0.8651,0.1222
73,0.8993,0.1222
73,0.8358,0.1466
73,0.8358,0.1222
73,0.87,0.1271
73,0.8602,0.1222
73,0.8358,0.1173
73,0.7771,0.1173
73,0.8309,0.1173
73,0.8358,0.0929
73,0.87,0.1222
73,0.8456,0.1222
73,0.8358,0.1173
73,0.8553,0.1173
73,0.8162,0.1271
73,0.8309,0.1173
73,0.914,0.0684
73,0.8504,0.1222
73,0.8358,0.1173
73,0.8749,0.1173
74.0kHz,,
74,0.9726,0.1417
74,0.9677,0.1466
74,0.9726,0.1466
74,1.0362,0.1369
74,0.9971,0.1466
74,0.9824,0.0733
74,1.0362,0.1515
74,0.958,0.1417
74,0.9922,0.1466
74,0.9726,0.1466
74,0.9873,0.1515
74,0.9922,0.1515
74,0.9677,0.1906
74,0.9775,0.1515
74,1.0508,0.0978
74,0.9971,0.1466
74,0.9726,0.1564
74,1.0068,0.1515
74,0.9629,0.1515
74,1.0068,0.1515
74,0.9971,0.1515
74,0.9873,0.1515
74,0.9922,0.1515
74,0.9677,0.1515
74,0.9873,0.1515
74,1.085,0.1613
74,1.0068,0.1515
74,0.9726,0.1564
74,0.9775,0.1515
74,0.9824,0.1515
74,1.0166,0.1417
74,1.0117,0.1564
74,1.002,0.1906
74,1.0117,0.1564
74,0.9873,0.1613
74,0.9971,0.1564
74,1.0166,0.1564
74,1.0068,0.1515
74,0.9433,0.1564
74,0.9775,0.1515
74,0.9922,0.1564
74,0.9775,0.1515
74,1.0117,0.1564
74,0.9922,0.1515
74,1.002,0.1564
74,0.9824,0.1515
74,1.0655,0.1564
74,1.0166,0.1564
74,1.002,0.1564
74,1.0117,0.1564
75.0kHz,,
75,1.0753,0.176
75,1.085,0.1711
75,1.1828,0.1711
75,1.0508,0.1711
75,1.0655,0.1711
75,1.085,0.1711
75,1.0753,0.1711
75,1.0948,0.1515
75,1.0508,0.1711
75,1.0704,0.2053
75,1.085,0.1711
75,1.0753,0.1417
75,1.0362,0.1711
75,1.0606,0.176
75,1.085,0.1662
75,1.085,0.1662
75,1.0753,0.1711
75,1.1388,0.1711
75,1.0508,0.1711
75,1.0997,0.1711
75,1.0899,0.176
75,1.0802,0.1711
75,1.1486,0.132
75,1.0606,0.1711
75,1.0655,0.1515
75,1.0899,0.1711
75,1.0704,0.176
75,1.0802,0.1711
75,1.0606,0.1711
75,1.0655,0.1711
75,1.0899,0.1711
75,1.0704,0.1711
75,1.1241,0.1711
75,1.0655,0.1075
75,1.1046,0.1711
75,1.0899,0.2248
75,1.0704,0.1662
75,1.1095,0.1124
75,1.0655,0.1711
75,1.1779,0.1613
75,1.0899,0.1711
75,1.0753,0.1662
75,1.0753,0.1711
75,1.0606,0.1711
75,1.1535,0.1711
75,1.0948,0.1711
75,1.0802,0.176
75,1.0899,0.1711
75,1.0606,0.1564
75,1.1046,0.1711
76.0kHz,,
76,1.1339,0.176
76,1.1535,0.1173
76,1.1193,0.1808
76,1.1193,0.1711
76,1.1339,0.1808
76,1.2317,0.1906
76,1.1486,0.1808
76,1.2463,0.176
76,1.129,0.1808
76,1.1632,0.1808
76,1.1535,0.1808
76,1.1437,0.1613
76,1.1241,0.1808
76,1.1339,0.2102
76,1.1241,0.1857
76,1.1437,0.1662
76,1.1046,0.176
76,1.1241,0.1662
76,1.1535,0.1808
76,1.1535,0.176
76,1.1388,0.176
76,1.1779,0.176
76,1.1339,0.1808
76,1.2366,0.1808
76,1.1584,0.176
76,1.1193,0.1808
76,1.129,0.1808
76,1.1486,0.1808
76,1.1632,0.1857
76,1.1486,0.1857
76,1.1632,0.1857
76,1.129,0.1808
76,1.1437,0.1369
76,1.1535,0.1808
76,1.1339,0.1808
76,1.129,0.1808
76,1.1437,0.176
76,1.0802,0.1808
76,1.1535,0.1662
76,1.2463,0.1808
76,1.1339,0.2004
76,1.1437,0.1857
76,1.1584,0.1613
76,1.1486,0.1808
76,1.1535,0.1711
76,1.1339,0.1808
76,1.2561,0.1711
76,1.1584,0.1808
76,1.1193,0.176
76,1.129,0.1857
77.0kHz,,
77,1.2023,0.1857
77,1.2072,0.1906
77,1.2268,0.1906
77,1.2317,0.1906
77,1.2072,0.1906
77,1.2121,0.1808
77,1.2072,0.1906
77,1.3148,0.1857
77,1.2317,0.1857
77,1.3294,0.1906
77,1.2023,0.1906
77,1.2561,0.1906
77,1.2366,0.1906
77,1.2317,0.1906
77,1.2072,0.1906
77,1.2463,0.1906
77,1.2414,0.1906
77,1.217,0.1906
77,1.2023,0.1906
77,1.2268,0.1906
77,1.2414,0.1955
77,1.2268,0.1906
77,1.2708,0.1906
77,1.2072,0.1906
77,1.2463,0.1906
77,1.2317,0.1906
77,1.2952,0.1906
77,1.2072,0.1955
77,1.2023,0.1955
77,1.2414,0.1906
77,1.217,0.1906
77,1.2072,0.1906
77,1.2219,0.1906
77,1.2317,0.1906
77,1.2268,0.1906
77,1.1975,0.1906
77,1.2219,0.1955
77,1.2219,0.1857
77,1.2414,0.1906
77,1.1926,0.1955
77,1.2121,0.1906
77,1.217,0.1906
77,1.2366,0.1857
77,1.2219,0.1955
77,1.2072,0.1955
77,1.2268,0.1906
77,1.2463,0.1906
77,1.2121,0.1955
77,1.2072,0.1906
77,1.2219,0.1906
78.0kHz,,
78,1.2659,0.2248
78,1.2512,0.1906
78,1.2805,0.1857
78,1.3099,0.1906
78,1.2561,0.1906
78,1.2512,0.1955
78,1.2854,0.1955
78,1.305,0.1906
78,1.2659,0.1906
78,1.2561,0.2004
78,1.2708,0.1955
78,1.3001,0.1906
78,1.2708,0.1906
78,1.3001,0.176
78,1.2854,0.1955
78,1.2952,0.1613
78,1.2708,0.1906
78,1.2659,0.1955
78,1.2805,0.1955
78,1.2952,0.1075
78,1.261,0.1906
78,1.2854,0.1466
78,1.2805,0.1906
78,1.2952,0.1906
78,1.2708,0.1955
78,1.3343,0.132
78,1.2805,0.1906
78,1.3099,0.1906
78,1.2659,0.1955
78,1.3587,0.1906
78,1.2805,0.1955
78,1.3245,0.1955
78,1.2708,0.1955
78,1.3587,0.1906
78,1.2854,0.1906
78,1.3343,0.1955
78,1.2708,0.2151
78,1.3392,0.1955
78,1.2903,0.1515
78,1.3343,0.1955
78,1.2708,0.2199
78,1.3099,0.1955
78,1.2903,0.1955
78,1.3148,0.1955
78,1.2708,0.2395
78,1.2708,0.1955
78,1.2903,0.2444
78,1.3245,0.2004
78,1.2708,0.2053
78,1.217,0.1955
79.0kHz,,
79,1.3245,0.2004
79,1.2903,0.2004
79,1.3001,0.2004
79,1.3392,0.2053
79,1.3294,0.2004
79,1.3587,0.2004
79,1.2952,0.1564
79,1.2805,0.2004
79,1.3245,0.2199
79,1.3294,0.2004
79,1.3099,0.2346
79,1.3099,0.2053
79,1.3099,0.2004
79,1.2854,0.2053
79,1.305,0.2004
79,1.3245,0.1906
79,1.3001,0.2053
79,1.2903,0.1857
79,1.3587,0.1955
79,1.3196,0.2053
79,1.3881,0.2004
79,1.2854,0.2248
79,1.3245,0.2004
79,1.3245,0.132
79,1.2903,0.2004
79,1.2903,0.2004
79,1.261,0.2004
79,1.3099,0.1955
79,1.2854,0.1857
79,1.2952,0.2004
79,1.3245,0.1711
79,1.305,0.1955
79,1.2854,0.1369
79,1.2854,0.2053
79,1.3294,0.2053
79,1.3392,0.2004
79,1.2854,0.2004
79,1.3441,0.2004
79,1.3148,0.2053
79,1.2903,0.2004
79,1.305,0.2004
79,1.1877,0.2199
79,1.305,0.2004
79,1.3294,0.2102
79,1.305,0.2004
79,1.3196,0.2737
79,1.3001,0.2053
79,1.2854,0.1906
79,1.2952,0.2004
79,1.3245,0.2004
80.0kHz,,
80,1.4027,0.2053
80,1.3148,0.2102
80,1.2659,0.2102
80,1.3294,0.2053
80,1.3148,0.2297
80,1.3148,0.2102
80,1.349,0.2053
80,1.2854,0.2053
80,1.3099,0.2004
80,1.2952,0.2053
80,1.3343,0.2102
80,1.3099,0.2004
80,1.3245,0.2053
80,1.3441,0.1124
80,1.3294,0.2102
80,1.305,0.2004
80,1.3685,0.2053
80,1.3441,0.2053
80,1.3441,0.2102
80,1.3343,0.2102
80,1.3392,0.176
80,1.3099,0.2053
80,1.3148,0.1564
80,1.4321,0.2102
80,1.3441,0.2102
80,1.305,0.2102
80,1.3245,0.2053
80,1.3343,0.2199
80,1.3343,0.2102
80,1.3099,0.1564
80,1.3392,0.2053
80,1.3539,0.2248
80,1.4174,0.2053
80,1.3099,0.2102
80,1.3685,0.2102
80,1.3294,0.2053
80,1.3148,0.2004
80,1.3148,0.2102
80,1.349,0.2004
80,1.3685,0.2053
80,1.3148,0.2493
80,1.3196,0.2053
80,1.3343,0.2102
80,1.3245,0.2102
80,1.3294,0.2053
80,1.3587,0.1613
80,1.2854,0.2102
80,1.3245,0.2542
80,1.3148,0.2102
80,1.3441,0.2053
81.0kHz,,
81,1.349,0.2102
81,1.4223,0.2151
81,1.3587,0.2102
81,1.349,0.2102
81,1.4761,0.1613
81,1.3685,0.2102
81,1.3783,0.1955
81,1.3685,0.2102
81,1.3734,0.2053
81,1.3148,0.2053
81,1.3392,0.2102
81,1.4223,0.1173
81,1.3685,0.2053
81,1.3441,0.1466
81,1.3881,0.2053
81,1.3783,0.2102
81,1.3978,0.1906
81,1.349,0.2053
81,1.3881,0.2493
81,1.3685,0.2102
81,1.3392,0.2102
81,1.3783,0.2151
81,1.349,0.2053
81,1.3441,0.2102
81,1.3978,0.2102
81,1.3832,0.2004
81,1.3832,0.2102
81,1.349,0.2053
81,1.3734,0.2004
81,1.3539,0.2102
81,1.3441,0.2199
81,1.4076,0.2053
81,1.3587,0.2102
81,1.3441,0.2053
81,1.3539,0.2151
81,1.3685,0.2199
81,1.3441,0.2053
81,1.3539,0.2737
81,1.3832,0.2053
81,1.3539,0.2102
81,1.3392,0.2004
81,1.393,0.2053
81,1.3734,0.1662
81,1.3539,0.2102
81,1.3783,0.2102
81,1.3734,0.2102
81,1.4223,0.2053
81,1.3539,0.2053
81,1.3685,0.2102
81,1.3539,0.1711
82.0kHz,,
82,1.4418,0.2053
82,1.3783,0.2102
82,1.3685,0.2053
82,1.4516,0.1955
82,1.393,0.2053
82,1.3587,0.2102
82,1.4076,0.2102
82,1.4027,0.2053
82,1.4027,0.2835
82,1.3832,0.2053
82,1.4076,0.2102
82,1.3636,0.2102
82,1.3734,0.2053
82,1.393,0.2786
82,1.3636,0.2102
82,1.3734,0.2102
82,1.2708,0.2102
82,1.3832,0.2102
82,1.3587,0.2786
82,1.5005,0.2102
82,1.3832,0.2102
82,1.3636,0.2053
82,1.4565,0.2053
82,1.4027,0.2493
82,1.3978,0.2102
82,1.3832,0.2102
82,1.3978,0.2102
82,1.4223,0.2053
82,1.3685,0.2444
82,1.3978,0.2053
82,1.349,0.2102
82,1.3685,0.2053
82,1.5152,0.2053
82,1.3832,0.2786
82,1.3636,0.2102
82,1.4418,0.2102
82,1.393,0.2053
82,1.3636,0.2102
82,1.5005,0.2346
82,1.4076,0.2102
82,1.3587,0.2151
82,1.4027,0.2102
82,1.4076,0.2102
82,1.3832,0.1955
82,1.3636,0.1955
82,1.3783,0.1808
82,1.3099,0.1808
82,1.3441,0.1808
82,1.3881,0.2151
82,1.3441,0.1906
83.0kHz,,
83,1.3685,0.176
83,1.3978,0.2053
83,1.4321,0.1955
83,1.3783,0.2395
83,1.4076,0.2004
83,1.3441,0.2004
83,1.3783,0.1857
83,1.3978,0.1955
83,1.3587,0.1466
83,1.3685,0.2004
83,1.4076,0.2053
83,1.3832,0.1271
83,1.3685,0.2004
83,1.4076,0.2004
83,1.4027,0.1857
83,1.3783,0.2004
83,1.4076,0.1564
83,1.4027,0.2004
83,1.3685,0.2004
83,1.4174,0.1466
83,1.393,0.2004
83,1.3685,0.2199
83,1.4125,0.2004
83,1.3783,0.2004
83,1.3685,0.1124
83,1.4956,0.2004
83,1.3734,0.2004
83,1.3783,0.2053
83,1.5396,0.2004
83,1.3783,0.2199
83,1.3685,0.1955
83,1.4467,0.2053
83,1.3881,0.2151
83,1.3685,0.2004
83,1.3099,0.1955
83,1.3978,0.1906
83,1.3734,0.2004
83,1.4418,0.2444
83,1.3978,0.1955
83,1.3636,0.1955
83,1.3196,0.2004
83,1.393,0.1955
83,1.3636,0.1955
83,1.3636,0.1955
83,1.393,0.1906
83,1.3636,0.1955
83,1.4565,0.1955
83,1.393,0.2004
83,1.3636,0.2053
83,1.4712,0.1955
84.0kHz,,
84,1.4027,0.2102
84,1.3832,0.2248
84,1.4761,0.2151
84,1.393,0.2199
84,1.393,0.1857
84,1.4321,0.2151
84,1.5005,0.2102
84,1.3978,0.2395
84,1.437,0.2151
84,1.5298,0.2297
84,1.4076,0.2199
84,1.437,0.2151
84,1.4809,0.2688
84,1.4223,0.2199
84,1.4321,0.2199
84,1.3783,0.2248
84,1.4223,0.2151
84,1.4223,0.2151
84,1.393,0.2053
84,1.3783,0.2151
84,1.4125,0.2151
84,1.3832,0.2248
84,1.3734,0.2151
84,1.4076,0.1857
84,1.3832,0.2102
84,1.2805,0.2199
84,1.4076,0.2102
84,1.393,0.2151
84,1.5152,0.2151
84,1.3636,0.1369
84,1.393,0.2151
84,1.4174,0.2151
84,1.4321,0.2248
84,1.393,0.2102
84,1.4223,0.1857
84,1.5152,0.2053
84,1.393,0.2151
84,1.4223,0.176
84,1.5103,0.2151
84,1.4223,0.2102
84,1.4174,0.1417
84,1.349,0.2102
84,1.4418,0.2151
84,1.4125,0.1955
84,1.3783,0.2102
84,1.3978,0.2102
84,1.4027,0.2151
84,1.3685,0.2151
84,1.3392,0.176
84,1.4027,0.2102
85.0kHz,,
85,1.4321,0.2248
85,1.4027,0.2151
85,1.5249,0.2346
85,1.4027,0.2297
85,1.4174,0.1711
85,1.4467,0.2297
85,1.5005,0.2297
85,1.4321,0.2444
85,1.4467,0.2297
85,1.3978,0.2346
85,1.4027,0.2151
85,1.4321,0.2297
85,1.3978,0.2297
85,1.3539,0.2346
85,1.4125,0.2297
85,1.4027,0.2248
85,1.4467,0.2297
85,1.4712,0.2248
85,1.4174,0.2248
85,1.4467,0.2395
85,1.4614,0.2297
85,1.4858,0.2102
85,1.437,0.2346
85,1.4027,0.2248
85,1.4761,0.1955
85,1.4272,0.2346
85,1.4076,0.2346
85,1.437,0.2248
85,1.4467,0.2346
85,1.4125,0.2248
85,1.4467,0.2395
85,1.4321,0.2346
85,1.4467,0.2297
85,1.437,0.2297
85,1.3978,0.2297
85,1.4418,0.2297
85,1.4174,0.2493
85,1.3978,0.2346
85,1.437,0.2346
85,1.4712,0.1906
85,1.4125,0.2297
85,1.4467,0.2297
85,1.4907,0.2444
85,1.4272,0.2346
85,1.437,0.2346
85,1.4027,0.2151
85,1.4467,0.2297
85,1.4321,0.2297
85,1.4027,0.2493
85,1.4907,0.2346
86.0kHz,,
86,1.5152,0.2444
86,1.4467,0.2444
86,1.4125,0.2493
86,1.4614,0.2493
86,1.4516,0.2688
86,1.4418,0.2444
86,1.4663,0.2444
86,1.4223,0.2639
86,1.564,0.2493
86,1.4418,0.2493
86,1.4321,0.2151
86,1.4614,0.2444
86,1.4663,0.2444
86,1.4614,0.2102
86,1.4614,0.2444
86,1.4174,0.2493
86,1.5152,0.1515
86,1.437,0.2493
86,1.4223,0.2444
86,1.4761,0.2248
86,1.4761,0.2444
86,1.4761,0.2493
86,1.4565,0.2346
86,1.4223,0.2542
86,1.3685,0.2444
86,1.4272,0.1662
86,1.4418,0.2493
86,1.4663,0.2493
86,1.4663,0.2542
86,1.4809,0.2542
86,1.4565,0.2444
86,1.4174,0.2395
86,1.5347,0.259
86,1.4125,0.2444
86,1.437,0.2493
86,1.4712,0.2053
86,1.4223,0.2444
86,1.5543,0.2444
86,1.4516,0.1955
86,1.4272,0.2493
86,1.4565,0.2493
86,1.4663,0.2102
86,1.4516,0.2493
86,1.4663,0.2444
86,1.4223,0.2542
86,1.5591,0.2493
86,1.4565,0.2493
86,1.4223,0.2639
86,1.4712,0.2444
86,1.5298,0.2444
87.0kHz,,
87,1.5103,0.1906
87,1.5689,0.259
87,1.4761,0.259
87,1.4907,0.259
87,1.4516,0.2737
87,1.5396,0.259
87,1.4761,0.2639
87,1.4761,0.259
87,1.5005,0.259
87,1.4467,0.2542
87,1.4223,0.3275
87,1.4712,0.2639
87,1.4712,0.2639
87,1.5103,0.2542
87,1.4712,0.2639
87,1.5934,0.259
87,1.4712,0.259
87,1.4712,0.2151
87,1.5054,0.2639
87,1.4761,0.2639
87,1.5249,0.1613
87,1.4907,0.2639
87,1.4614,0.259
87,1.5103,0.2688
87,1.5885,0.2542
87,1.5591,0.2639
87,1.4907,0.2639
87,1.4614,0.2444
87,1.5054,0.259
87,1.4663,0.259
87,1.5103,0.2737
87,1.5005,0.259
87,1.4565,0.2639
87,1.5298,0.3079
87,1.5836,0.259
87,1.4858,0.259
87,1.5054,0.2053
87,1.4663,0.2444
87,1.5445,0.2639
87,1.5005,0.2639
87,1.4907,0.2297
87,1.5152,0.2639
87,1.4614,0.259
87,1.4321,0.2053
87,1.4907,0.259
87,1.4858,0.2639
87,1.52,0.2688
87,1.4809,0.2542
87,1.5885,0.259
87,1.4809,0.259
88.0kHz,,
88,1.4712,0.2737
88,1.393,0.1808
88,1.5836,0.2786
88,1.4907,0.2688
88,1.5152,0.2053
88,1.4663,0.2786
88,1.52,0.2737
88,1.6276,0.2737
88,1.4761,0.2542
88,1.5054,0.2737
88,1.4809,0.2688
88,1.5249,0.2981
88,1.5298,0.259
88,1.4907,0.2737
88,1.4956,0.2786
88,1.4858,0.2933
88,1.5298,0.2688
88,1.4858,0.2688
88,1.4858,0.2542
88,1.4907,0.259
88,1.5103,0.2737
88,1.5347,0.2786
88,1.4761,0.2199
88,1.5934,0.2737
88,1.564,0.2737
88,1.5103,0.2737
88,1.5152,0.2933
88,1.4858,0.2786
88,1.5298,0.2786
88,1.5298,0.2542
88,1.5103,0.2835
88,1.5152,0.2737
88,1.4858,0.2688
88,1.5396,0.2542
88,1.5396,0.2786
88,1.5787,0.2786
88,1.4956,0.3275
88,1.5005,0.2737
88,1.5347,0.2737
88,1.4809,0.2737
88,1.5054,0.2102
88,1.4614,0.2786
88,1.5152,0.2786
88,1.5347,0.2542
88,1.4907,0.2737
88,1.5543,0.2737
88,1.4956,0.2737
88,1.564,0.2933
88,1.5298,0.2786
88,1.4858,0.2786
89.0kHz,,
89,1.5738,0.2835
89,1.564,0.303
89,1.5152,0.2835
89,1.5298,0.2786
89,1.5543,0.303
89,1.4956,0.2737
89,1.5591,0.2884
89,1.5005,0.2835
89,1.5543,0.2835
89,1.5249,0.2835
89,1.5298,0.2835
89,1.5543,0.2786
89,1.4956,0.2395
89,1.5591,0.2884
89,1.6373,0.2835
89,1.6325,0.2884
89,1.5249,0.2248
89,1.52,0.2884
89,1.5591,0.2786
89,1.4956,0.2395
89,1.564,0.2933
89,1.5787,0.2835
89,1.5249,0.2884
89,1.5445,0.2493
89,1.5249,0.2884
89,1.564,0.2835
89,1.5005,0.2835
89,1.5885,0.3128
89,1.5152,0.2835
89,1.5445,0.2884
89,1.5298,0.2884
89,1.5249,0.2346
89,1.5591,0.2835
89,1.5054,0.2835
89,1.4516,0.2835
89,1.6227,0.2688
89,1.5445,0.2835
89,1.5445,0.2884
89,1.5152,0.2835
89,1.564,0.3079
89,1.4956,0.2835
89,1.5787,0.2835
89,1.4907,0.259
89,1.52,0.2737
89,1.5445,0.2884
89,1.5103,0.2884
89,1.564,0.2981
89,1.5494,0.2835
89,1.5689,0.2835
89,1.5347,0.2835
90.0kHz,,
90,1.5298,0.3226
90,1.5689,0.2933
90,1.52,0.2933
90,1.5738,0.2688
90,1.5445,0.2688
90,1.4907,0.2933
90,1.5787,0.2933
90,1.5445,0.2933
90,1.5543,0.2981
90,1.5298,0.2933
90,1.5738,0.2884
90,1.5103,0.2835
90,1.5689,0.2395
90,1.5738,0.2933
90,1.5738,0.2933
90,1.4956,0.2981
90,1.5689,0.2395
90,1.5543,0.2981
90,1.52,0.2933
90,1.5787,0.2884
90,1.52,0.2346
90,1.6471,0.2981
90,1.6227,0.2981
90,1.6031,0.2981
90,1.5396,0.2004
90,1.5543,0.2981
90,1.5591,0.2933
90,1.5298,0.2933
90,1.5738,0.3666
90,1.5152,0.303
90,1.5982,0.2981
90,1.6031,0.2981
90,1.5445,0.259
90,1.5494,0.3079
90,1.5396,0.2933
90,1.5738,0.2933
90,1.5152,0.2688
90,1.5836,0.2639
90,1.5249,0.2981
90,1.5005,0.2981
90,1.5591,0.2933
90,1.608,0.3128
90,1.5347,0.2981
90,1.5347,0.2933
90,1.5689,0.3128
90,1.5249,0.2346
90,1.5738,0.2981
90,1.564,0.2981
90,1.5689,0.2981
90,1.6276,0.2688
91.0kHz,,
91,1.5836,0.2835
91,1.6129,0.303
91,1.6422,0.303
91,1.5396,0.2933
91,1.5298,0.2786
91,1.5494,0.303
91,1.564,0.2981
91,1.5152,0.303
91,1.5787,0.2688
91,1.5152,0.2981
91,1.5738,0.303
91,1.4858,0.303
91,1.4223,0.2981
91,1.6716,0.3226
91,1.5738,0.303
91,1.5005,0.2981
91,1.5689,0.2981
91,1.5591,0.2053
91,1.5249,0.3079
91,1.5689,0.303
91,1.52,0.3079
91,1.5787,0.2786
91,1.5103,0.3177
91,1.7253,0.303
91,1.6325,0.2981
91,1.5738,0.303
91,1.5347,0.2688
91,1.6129,0.303
91,1.5543,0.303
91,1.5298,0.3079
91,1.5591,0.3177
91,1.5298,0.2981
91,1.5787,0.2981
91,1.5103,0.303
91,1.5787,0.259
91,1.5689,0.3177
91,1.5934,0.303
91,1.5494,0.303
91,1.652,0.3079
91,1.5543,0.3421
91,1.5347,0.2933
91,1.5494,0.303
91,1.5396,0.2981
91,1.5738,0.2786
91,1.5103,0.3226
91,1.5836,0.303
91,1.52,0.3079
91,1.6129,0.3079
91,1.5054,0.2933
91,1.6373,0.303
92.0kHz,,
92,1.564,0.3079
92,1.5445,0.3128
92,1.5543,0.3079
92,1.5591,0.2297
92,1.5445,0.303
92,1.5738,0.303
92,1.5249,0.303
92,1.5885,0.3275
92,1.5249,0.2981
92,1.5934,0.3079
92,1.5152,0.3079
92,1.5885,0.3079
92,1.5298,0.2981
92,1.6569,0.2493
92,1.6227,0.303
92,1.5298,0.303
92,1.6813,0.303
92,1.5885,0.303
92,1.6031,0.3324
92,1.6129,0.3079
92,1.5543,0.3079
92,1.5494,0.3079
92,1.5689,0.347
92,1.5494,0.2835
92,1.5738,0.303
92,1.5298,0.303
92,1.5885,0.303
92,1.5298,0.2981
92,1.5934,0.303
92,1.5152,0.3128
92,1.5934,0.3079
92,1.52,0.3128
92,1.6031,0.2835
92,1.5738,0.2981
92,1.5689,0.303
92,1.5543,0.3079
92,1.652,0.303
92,1.5543,0.3372
92,1.5494,0.3128
92,1.5445,0.3128
92,1.5494,0.3079
92,1.5591,0.3079
92,1.5494,0.2297
92,1.5738,0.303
92,1.5298,0.3079
92,1.5885,0.3079
92,1.5298,0.3226
92,1.5934,0.3226
92,1.52,0.3079
92,1.5982,0.3128
93.0kHz,,
93,1.5298,0.3128
93,1.5885,0.3128
93,1.5445,0.3128
93,1.5934,0.3079
93,1.5249,0.3226
93,1.5982,0.3177
93,1.5347,0.3128
93,1.6031,0.3079
93,1.5249,0.3079
93,1.6031,0.2493
93,1.5298,0.2835
93,1.6031,0.3128
93,1.5249,0.3128
93,1.6031,0.3128
93,1.5347,0.3079
93,1.6031,0.259
93,1.5298,0.3079
93,1.5982,0.3079
93,1.5298,0.3079
93,1.6422,0.3079
93,1.5689,0.3275
93,1.5934,0.3226
93,1.5934,0.3128
93,1.5982,0.3128
93,1.6667,0.3128
93,1.6276,0.3715
93,1.5738,0.3177
93,1.5591,0.3128
93,1.6471,0.3079
93,1.6276,0.3079
93,1.6129,0.2786
93,1.5738,0.2639
93,1.5836,0.303
93,1.6276,0.3128
93,1.5738,0.3128
93,1.5689,0.3177
93,1.5494,0.2688
93,1.5885,0.3128
93,1.564,0.3079
93,1.564,0.3079
93,1.564,0.3079
93,1.5689,0.2737
93,1.5738,0.2542
93,1.5591,0.3128
93,1.5738,0.3128
93,1.5591,0.3128
93,1.5787,0.3128
93,1.5494,0.2395
93,1.5836,0.303
93,1.5543,0.3079
94.0kHz,,
94,1.6911,0.3177
94,1.5543,0.3226
94,1.6862,0.3079
94,1.52,0.3079
94,1.6178,0.3079
94,1.5298,0.3079
94,1.6276,0.3226
94,1.5347,0.2981
94,1.6178,0.3079
94,1.5347,0.3177
94,1.6178,0.3128
94,1.5445,0.3079
94,1.6178,0.2053
94,1.5347,0.303
94,1.6178,0.3128
94,1.5445,0.3079
94,1.6227,0.3079
94,1.5347,0.2639
94,1.6227,0.3324
94,1.5494,0.303
94,1.6178,0.3128
94,1.5445,0.3177
94,1.6178,0.3177
94,1.5494,0.3177
94,1.6178,0.2835
94,1.5445,0.3079
94,1.6178,0.3128
94,1.5543,0.3079
94,1.6129,0.3079
94,1.5494,0.3079
94,1.608,0.2884
94,1.5591,0.2835
94,1.6031,0.3079
94,1.5543,0.3128
94,1.5982,0.3177
94,1.5689,0.3128
94,1.5934,0.303
94,1.564,0.3275
94,1.5885,0.3128
94,1.5787,0.3079
94,1.5885,0.3079
94,1.564,0.3128
94,1.5787,0.3275
94,1.5787,0.3324
94,1.5836,0.3079
94,1.5591,0.3128
94,1.5836,0.3128
94,1.5689,0.3177
94,1.5885,0.2151
94,1.5836,0.2933
95.0kHz,,
95,1.5689,0.303
95,1.5494,0.3177
95,1.6178,0.3128
95,1.5738,0.3128
95,1.5494,0.3128
95,1.5543,0.3079
95,1.608,0.391
95,1.5152,0.2639
95,1.5982,0.2981
95,1.5103,0.3128
95,1.5982,0.3128
95,1.5249,0.3177
95,1.5885,0.3177
95,1.5249,0.2346
95,1.5787,0.3226
95,1.5445,0.3128
95,1.5738,0.3128
95,1.5494,0.3128
95,1.5494,0.3079
95,1.6031,0.2933
95,1.5543,0.3763
95,1.6862,0.3372
95,1.6471,0.3079
95,1.5445,0.3177
95,1.608,0.3128
95,1.5494,0.3177
95,1.5689,0.3177
95,1.7155,0.2053
95,1.5298,0.3177
95,1.6031,0.3128
95,1.5103,0.3128
95,1.608,0.3079
95,1.5249,0.3079
95,1.6031,0.3177
95,1.5249,0.259
95,1.5982,0.3128
95,1.5445,0.3128
95,1.5787,0.3177
95,1.5494,0.3177
95,1.5689,0.3177
95,1.5738,0.3177
95,1.564,0.2151
95,1.564,0.3177
95,1.5103,0.3079
95,1.6422,0.3128
95,1.5934,0.3079
95,1.6422,0.303
95,1.6471,0.2835
95,1.608,0.3324
95,1.5787,0.3177
96.0kHz,,
96,1.5152,0.3324
96,1.5787,0.2884
96,1.5543,0.3177
96,1.564,0.3177
96,1.5445,0.3177
96,1.5689,0.3177
96,1.6325,0.3177
96,1.6422,0.2933
96,1.5543,0.2884
96,1.564,0.3177
96,1.6129,0.3079
96,1.5249,0.3128
96,1.6129,0.3079
96,1.5298,0.3128
96,1.5934,0.3079
96,1.5543,0.3617
96,1.5738,0.3226
96,1.608,0.3177
96,1.5543,0.3128
96,1.6569,0.3177
96,1.6178,0.3177
96,1.6227,0.3226
96,1.5543,0.3275
96,1.6227,0.3617
96,1.5347,0.2639
96,1.6227,0.3177
96,1.5396,0.3177
96,1.608,0.3128
96,1.5738,0.3128
96,1.5934,0.3128
96,1.5787,0.303
96,1.5982,0.3421
96,1.6276,0.259
96,1.6178,0.3226
96,1.5347,0.3177
96,1.6031,0.3177
96,1.6471,0.3226
96,1.5494,0.3226
96,1.6325,0.3079
96,1.5494,0.2884
96,1.6178,0.3226
96,1.5787,0.3128
96,1.5982,0.3177
96,1.5836,0.3177
96,1.5396,0.3177
96,1.7351,0.3128
96,1.7107,0.3128
96,1.6618,0.2542
96,1.5982,0.2981
96,1.6373,0.3128
97.0kHz,,
97,1.5152,0.3421
97,1.5982,0.347
97,1.5445,0.3079
97,1.5689,0.3177
97,1.6031,0.3177
97,1.6031,0.3226
97,1.5543,0.3226
97,1.5738,0.3226
97,1.6129,0.3128
97,1.5152,0.2346
97,1.5982,0.2444
97,1.5249,0.3177
97,1.5689,0.3177
97,1.5934,0.3177
97,1.5738,0.3128
97,1.5836,0.3128
97,1.5787,0.3128
97,1.6031,0.3226
97,1.5054,0.3617
97,1.5934,0.2737
97,1.52,0.303
97,1.5591,0.3128
97,1.5738,0.3177
97,1.5543,0.3177
97,1.5934,0.3226
97,1.6178,0.3226
97,1.6422,0.3226
97,1.5054,0.2786
97,1.5982,0.2248
97,1.5152,0.3177
97,1.5591,0.3226
97,1.564,0.3177
97,1.52,0.3177
97,1.6325,0.3128
97,1.6569,0.3128
97,1.6569,0.3079
97,1.5054,0.2981
97,1.6031,0.3275
97,1.5103,0.2542
97,1.5689,0.303
97,1.5543,0.3128
97,1.5249,0.3177
97,1.652,0.3226
97,1.6471,0.3226
97,1.6276,0.3226
97,1.52,0.3079
97,1.608,0.2493
97,1.5103,0.3079
97,1.5787,0.3275
97,1.5543,0.3226
98.0kHz,,
98,1.5591,0.2542
98,1.5982,0.3177
98,1.5005,0.3226
98,1.5738,0.3128
98,1.5396,0.3128
98,1.5103,0.3128
98,1.6813,0.3128
98,1.6129,0.3128
98,1.5934,0.3128
98,1.4907,0.2835
98,1.5787,0.3519
98,1.5347,0.3324
98,1.5249,0.3324
98,1.6422,0.3128
98,1.4956,0.3128
98,1.608,0.3177
98,1.5005,0.3177
98,1.5885,0.3177
98,1.5298,0.3226
98,1.5494,0.3226
98,1.6276,0.3226
98,1.6422,0.2346
98,1.6031,0.2151
98,1.5005,0.303
98,1.5885,0.3226
98,1.5445,0.3226
98,1.5347,0.3177
98,1.7009,0.3128
98,1.5689,0.3128
98,1.7155,0.3128
98,1.5054,0.3128
98,1.5934,0.2444
98,1.5298,0.3666
98,1.5494,0.2786
98,1.5689,0.3275
98,1.5982,0.3226
98,1.6325,0.3128
98,1.5005,0.3177
98,1.5934,0.3177
98,1.5249,0.3177
98,1.5298,0.3128
98,1.6227,0.3128
98,1.5885,0.3177
98,1.7107,0.3128
98,1.4907,0.2102
98,1.5885,0.2542
98,1.5152,0.3128
98,1.5298,0.3177
98,1.5543,0.3128
98,1.564,0.3128
99.0kHz,,
99,1.5445,0.2981
99,1.5787,0.3128
99,1.4761,0.3128
99,1.5445,0.3128
99,1.5054,0.3128
99,1.5689,0.3079
99,1.4858,0.3079
99,1.4614,0.3079
99,1.564,0.3079
99,1.4907,0.303
99,1.5103,0.2395
99,1.6373,0.303
99,1.564,0.2835
99,1.5689,0.2981
99,1.4663,0.259
99,1.5249,0.2786
99,1.5347,0.3177
99,1.4712,0.3128
99,1.5249,0.3128
99,1.4418,0.3128
99,1.5445,0.3128
99,1.5054,0.3177
99,1.4614,0.3128
99,1.5543,0.3128
99,1.4907,0.3177
99,1.5591,0.3177
99,1.4712,0.3372
99,1.5054,0.2835
99,1.5054,0.2248
99,1.5787,0.3372
99,1.5543,0.2981
99,1.4516,0.3128
99,1.5298,0.303
99,1.5103,0.3079
99,1.4956,0.3079
99,1.4565,0.303
99,1.4565,0.303
99,1.5591,0.303
99,1.4809,0.303
99,1.4907,0.2981
99,1.564,0.2786
99,1.5054,0.2639
99,1.5738,0.2004
99,1.4663,0.3226
99,1.5249,0.2933
99,1.5445,0.3128
99,1.52,0.3128
99,1.5689,0.3079
99,1.4516,0.303
99,1.5591,0.3079
100.0kHz,,
100,1.5054,0.303
100,1.4761,0.3079
100,1.5787,0.3079
100,1.5103,0.303
100,1.4516,0.303
100,1.4761,0.303
100,1.4712,0.303
100,1.5836,0.303
100,1.5298,0.303
100,1.5054,0.303
100,1.6129,0.2981
100,1.4858,0.2737
100,1.5836,0.3079
100,1.5396,0.2884
100,1.5591,0.3861
100,1.4858,0.2395
100,1.4858,0.3079
100,1.5836,0.3275
100,1.5347,0.2933
100,1.6276,0.303
100,1.652,0.3079
100,1.4956,0.3079
100,1.5836,0.3079
100,1.5298,0.3128
100,1.6227,0.3128
100,1.7009,0.3128
100,1.4956,0.3128
100,1.5738,0.3128
100,1.5543,0.3128
100,1.5934,0.3177
100,1.6862,0.3177
100,1.5005,0.303
100,1.5738,0.3128
100,1.6031,0.3128
100,1.5298,0.2933
100,1.6129,0.1955
100,1.5005,0.2981
100,1.5689,0.3324
100,1.6325,0.2933
100,1.4907,0.3128
100,1.608,0.3128
100,1.4956,0.3079
100,1.5543,0.303
100,1.608,0.303
100,1.5396,0.303
100,1.6031,0.303
100,1.4956,0.3079
100,1.5494,0.303
100,1.608,0.303
100,1.5689,0.303
stop,,
increase_frequency:10000,first_frequency:5,last_frequency:100
frequency,transmission_ep,receiving_ep
5kHz,,
5,0,0
5,0,0
5,0,0
5,0,0
5,0,0
5,0,0
5,0,0
5,0,0
5,0,0
5,0,0
5,0,0
5,0,0
5,0,0
5,0,0
5,0,0
5,0,0
5,0,0
5,0,0
5,0,0
5,0,0
5,0,0
5,0,0
5,0,0
5,0,0
5,0,0
5,0,0
5,0,0
5,0,0
5,0,0
5,0,0
5,0,0
5,0,0
5,0,0
5,0,0
5,0,0
5,0,0
5,0,0
5,0,0
5,0,0
5,0,0
5,0,0
5,0,0
5,0,0
5,0,0
5,0,0
5,0,0
5,0,0
5,0,0
5,0,0
5,0,0
15.0kHz,,
15,0.7038,0
15,0.7478,0
15,0.7576,0.0049
15,0.7576,0.0049
15,0.7429,0
15,0.7429,0.0049
15,0.738,0.0049
15,0.7429,0.0049
15,0.7038,0.0049
15,0.7038,0.0049
15,0.7185,0.0049
15,0.694,0.0049
15,0.7283,0.0049
15,0.694,0.0049
15,0.694,0
15,0.7038,0.0049
15,0.6794,0.0049
15,0.6647,0.0049
15,0.6256,0.0049
15,0.7185,0.0049
15,0.6745,0.0049
15,0.6647,0
15,0.6843,0.0049
15,0.6403,0.0049
15,0.6403,0.0049
15,0.6745,0.0049
15,0.6696,0.0049
15,0.6745,0.0049
15,0.6647,0.0049
15,0.6452,0.0049
15,0.6452,0.0049
15,0.6452,0.0049
15,0.6403,0.0049
15,0.6452,0.0049
15,0.6354,0.0049
15,0.6598,0.0049
15,0.6256,0.0049
15,0.65,0.0049
15,0.6109,0
15,0.6549,0.0049
15,0.6452,0.0049
15,0.6549,0.0049
15,0.6207,0.0049
15,0.65,0.0049
15,0.567,0.0049
15,0.6109,0.0098
15,0.6061,0.0049
15,0.6403,0.0049
15,0.6403,0.0049
15,0.6354,0.0049
25.0kHz,,
25,0.9726,0.044
25,0.9775,0.0489
25,0.9873,0.0489
25,0.9873,0.0538
25,0.9873,0.0684
25,1.0411,0.0489
25,0.9775,0.0684
25,0.9775,0.0489
25,0.9775,0.0391
25,0.9824,0.0489
25,1.0753,0.0733
25,0.9726,0.0538
25,0.9873,0.0489
25,0.9775,0.0489
25,0.9873,0.0538
25,1.0508,0.0489
25,0.9726,0.0489
25,0.9775,0.0538
25,0.9726,0.0538
25,0.9775,0.0489
25,0.9971,0.0489
25,0.9629,0.0489
25,0.9775,0.0489
25,0.9726,0.0489
25,0.9775,0.0489
25,0.9384,0.0538
25,0.9629,0.0538
25,0.9775,0.0538
25,0.9677,0.0489
25,0.9775,0.0538
25,0.9775,0.0538
25,0.9629,0.0538
25,0.9677,0.0489
25,0.9726,0.0489
25,0.9775,0.0538
25,1.0362,0.0538
25,0.9629,0.0489
25,0.9629,0.0489
25,0.9677,0.0489
25,0.9677,0.0538
25,1.0557,0.0538
25,0.9629,0.0489
25,0.9629,0.0489
25,0.9677,0.0489
25,0.9726,0.0489
25,0.9482,0.0489
25,0.9629,0.0538
25,0.9629,0.0538
25,0.9677,0.0489
25,0.9677,0.0733
35.0kHz,,
35,1.5249,0.1369
35,1.5738,0.1417
35,1.5787,0.1466
35,1.608,0.1466
35,1.5934,0.1417
35,1.5934,0.1417
35,1.6031,0.1466
35,1.6276,0.1417
35,1.608,0.1515
35,1.6129,0.1466
35,1.6129,0.1466
35,1.5396,0.1906
35,1.5836,0.1417
35,1.6276,0.1417
35,1.564,0.1369
35,1.5689,0.1417
35,1.4761,0.1417
35,1.5836,0.132
35,1.5787,0.1417
35,1.5885,0.1417
35,1.5787,0.1466
35,1.5591,0.1466
35,1.5738,0.1466
35,1.5885,0.1466
35,1.5836,0.1466
35,1.608,0.1466
35,1.564,0.1466
35,1.5543,0.1466
35,1.5836,0.1466
35,1.5836,0.1466
35,1.5591,0.1466
35,1.5738,0.1466
35,1.6227,0.1466
35,1.5494,0.1613
35,1.5934,0.1466
35,1.6129,0.1466
35,1.5787,0.132
35,1.52,0.1515
35,1.5738,0.1515
35,1.5249,0.1515
35,1.5396,0.1466
35,1.5543,0.1515
35,1.5543,0.1515
35,1.5298,0.1466
35,1.5543,0.1515
35,1.5591,0.1466
35,1.5298,0.1466
35,1.5885,0.1466
35,1.5738,0.1466
35,1.5934,0.1515
45.0kHz,,
45,0.6305,0.0684
45,0.3763,0.0342
45,0.391,0.0196
45,0.3421,0.0196
45,0.3177,0.0098
45,0.347,0
45,0.3421,0.0049
45,0.3421,0.0098
45,0.3666,0.0049
45,0.347,0.0049
45,0.3519,0
45,0.3372,0.0049
45,0.3275,0
45,0.347,0.0049
45,0.3226,0.0049
45,0.3568,0.0049
45,0.3372,0.0049
45,0.347,0.0049
45,0.3763,0.0049
45,0.3275,0.0049
45,0.3226,0.0049
45,0.3519,0.0147
45,0.2981,0.0049
45,0.3421,0.0049
45,0.347,0.0049
45,0.3324,0.0049
45,0.2786,0.0049
45,0.3715,0.0342
45,0.3421,0.0098
45,0.3812,0.0049
45,0.347,0
45,0.3421,0.0049
45,0.3568,0.0049
45,0.2981,0.0049
45,0.3568,0.0049
45,0.3324,0.0049
45,0.3324,0.0049
45,0.3275,0
45,0.3275,0.0049
45,0.3324,0.0098
45,0.3763,0.0049
45,0.3372,0.0049
45,0.3617,0.0049
45,0.3372,0
45,0.4057,0.0049
45,0.2884,0.0049
45,0.347,0.0098
45,0.3715,0.0049
45,0.3372,0
45,0.3519,0.0049
55.0kHz,,
55,0.1515,0
55,0.0635,0
55,0.0049,0
55,0,0
55,0,0
55,0,0
55,0,0
55,0,0
55,0,0
55,0.0049,0
55,0,0
55,0,0
55,0,0
55,0,0
55,0,0
55,0.0098,0
55,0,0
55,0.0049,0
55,0.0049,0
55,0,0
55,0,0
55,0,0
55,0,0
55,0,0
55,0,0
55,0.0049,0
55,0.0049,0
55,0.0049,0
55,0.0049,0
55,0,0
55,0,0
55,0,0
55,0,0
55,0,0
55,0.0049,0
55,0.0049,0
55,0,0
55,0,0
55,0,0
55,0,0
55,0.0098,0
55,0,0
55,0,0
55,0,0
55,0,0
55,0,0
55,0,0
55,0,0
55,0,0
55,0,0
65.0kHz,,
65,0.4692,0.0244
65,0.5083,0.0147
65,0.5083,0.0196
65,0.5181,0.0196
65,0.5474,0.0244
65,0.5767,0.0244
65,0.5816,0.0244
65,0.5718,0.0098
65,0.5767,0.0244
65,0.523,0.0196
65,0.4839,0.0196
65,0.567,0.0098
65,0.5572,0.0196
65,0.5523,0.0196
65,0.5914,0.0196
65,0.5816,0.0342
65,0.5865,0.0244
65,0.6061,0.0244
65,0.6305,0.0244
65,0.6549,0.0293
65,0.6452,0.0342
65,0.738,0.0342
65,0.6598,0.0342
65,0.7038,0.0391
65,0.7087,0.0391
65,0.7038,0.0391
65,0.7087,0.0489
65,0.7234,0.0391
65,0.7185,0.0391
65,0.7234,0.0391
65,0.7234,0.0293
65,0.7234,0.0391
65,0.7234,0.0391
65,0.7674,0.0342
65,0.738,0.0391
65,0.7527,0.0391
65,0.7087,0.0391
65,0.7331,0.0635
65,0.7283,0.0391
65,0.7331,0.0391
65,0.7234,0.0391
65,0.7331,0.0391
65,0.7185,0.0391
65,0.7185,0.044
65,0.7136,0.044
65,0.7234,0.0538
65,0.7429,0.044
65,0.7869,0.044
65,0.738,0.0587
65,0.7283,0.044
75.0kHz,,
75,1.0117,0.1417
75,1.0166,0.1515
75,1.0459,0.1515
75,1.0215,0.1515
75,0.9824,0.1515
75,1.0068,0.1466
75,1.0166,0.1515
75,1.0753,0.1222
75,1.0215,0.1515
75,1.0411,0.1124
75,1.002,0.1515
75,1.0068,0.1466
75,1.0411,0.1515
75,1.0215,0.1515
75,0.9824,0.1515
75,0.9971,0.1515
75,1.0166,0.1417
75,1.085,0.1466
75,1.0117,0.1808
75,1.0606,0.1515
75,0.9971,0.0978
75,1.0068,0.1466
75,1.0215,0.1026
75,1.0117,0.1515
75,0.9971,0.1369
75,0.9922,0.1466
75,1.0166,0.1466
75,1.1632,0.1515
75,1.0215,0.1515
75,1.0704,0.1466
75,1.0166,0.1515
75,1.0264,0.1417
75,1.0606,0.1515
75,1.0802,0.1613
75,1.1388,0.1613
75,1.1437,0.132
75,1.0704,0.1564
75,1.0655,0.1613
75,1.085,0.1711
75,1.0411,0.1711
75,1.0655,0.1711
75,1.0802,0.1711
75,1.0753,0.1711
75,1.085,0.176
75,1.1584,0.1662
75,1.0557,0.176
75,1.0704,0.1808
75,1.085,0.1711
75,1.0704,0.1466
75,1.0997,0.176
85.0kHz,,
85,1.3734,0.2053
85,1.4223,0.2151
85,1.349,0.2053
85,1.3978,0.2102
85,1.4223,0.1662
85,1.3881,0.2102
85,1.4027,0.2102
85,1.4125,0.132
85,1.3832,0.2053
85,1.4565,0.2053
85,1.3978,0.2004
85,1.3832,0.2102
85,1.5298,0.2151
85,1.4125,0.132
85,1.393,0.2102
85,1.4223,0.2053
85,1.4858,0.2395
85,1.4125,0.2102
85,1.4076,0.2102
85,1.393,0.2199
85,1.4076,0.2053
85,1.4125,0.2053
85,1.3832,0.2102
85,1.349,0.2102
85,1.4027,0.2102
85,1.3881,0.2199
85,1.4125,0.2053
85,1.5005,0.1857
85,1.3978,0.1955
85,1.4174,0.2102
85,1.4223,0.2151
85,1.3832,0.2053
85,1.4076,0.2053
85,1.3783,0.1711
85,1.4076,0.2053
85,1.4076,0.2053
85,1.3881,0.1662
85,1.4125,0.2053
85,1.4076,0.2053
85,1.393,0.2688
85,1.4174,0.2053
85,1.4076,0.2102
85,1.4027,0.1466
85,1.4125,0.2102
85,1.3881,0.2053
85,1.3685,0.2297
85,1.4027,0.2053
85,1.393,0.2102
85,1.4223,0.2199
85,1.3783,0.2053
95.0kHz,,
95,1.4761,0.2981
95,1.4809,0.303
95,1.4614,0.3079
95,1.4956,0.2884
95,1.4223,0.2493
95,1.5054,0.3079
95,1.5103,0.303
95,1.5591,0.303
95,1.5543,0.303
95,1.4418,0.303
95,1.4712,0.391
95,1.52,0.3275
95,1.4418,0.2981
95,1.5152,0.3079
95,1.4418,0.3079
95,1.5103,0.3079
95,1.4565,0.3275
95,1.5103,0.2053
95,1.4516,0.3324
95,1.5005,0.303
95,1.4761,0.3079
95,1.5005,0.303
95,1.4712,0.303
95,1.4809,0.2248
95,1.5103,0.3177
95,1.4712,0.2737
95,1.5738,0.3079
95,1.5591,0.3079
95,1.4712,0.3079
95,1.5103,0.3079
95,1.4712,0.3079
95,1.4321,0.303
95,1.5494,0.303
95,1.5103,0.3079
95,1.5249,0.303
95,1.4516,0.303
95,1.5249,0.2981
95,1.4614,0.3421
95,1.5249,0.2199
95,1.4565,0.2933
95,1.52,0.303
95,1.4761,0.3079
95,1.5152,0.3079
95,1.4761,0.3128
95,1.5005,0.2884
95,1.5005,0.3226
95,1.5054,0.303
95,1.5054,0.303
95,1.4907,0.303
95,1.5298,0.303
100kHz,,
100,1.4565,0.2933
100,1.3636,0.2933
100,1.4516,0.2981
100,1.4125,0.2933
100,1.4467,0.2933
100,1.3685,0.2933
100,1.3783,0.2981
100,1.4565,0.2248
100,1.4223,0.2444
100,1.4565,0.3177
100,1.5591,0.3079
100,1.3832,0.2981
100,1.4614,0.2933
100,1.437,0.2933
100,1.4467,0.2981
100,1.5445,0.2933
100,1.3881,0.2933
100,1.4663,0.2933
100,1.4761,0.2933
100,1.4076,0.2933
100,1.5054,0.2933
100,1.3978,0.2884
100,1.4663,0.2835
100,1.4956,0.2102
100,1.3832,0.2933
100,1.5445,0.3519
100,1.4027,0.3226
100,1.4614,0.2102
100,1.4614,0.2102
100,1.4663,0.3226
100,1.5054,0.3128
100,1.4125,0.2933
100,1.4614,0.2884
100,1.4956,0.2981
100,1.5298,0.2981
100,1.5054,0.2981
100,1.4272,0.2981
100,1.4614,0.303
100,1.4761,0.303
100,1.5347,0.303
100,1.5152,0.303
100,1.4321,0.303
100,1.4614,0.3079
100,1.4663,0.3128
100,1.4858,0.2933
100,1.5249,0.259
100,1.437,0.2737
100,1.4712,0.2981
100,1.4614,0.2493
100,1.4858,0.2639
stop,,
increase_frequency:10000,first_frequency:5,last_frequency:100
frequency,transmission_ep,receiving_ep
5kHz,,
5,0,0
5,0,0
5,0,0
5,0,0
5,0,0
5,0,0
5,0,0
5,0,0
5,0,0
5,0,0
5,0,0
5,0,0
5,0,0
5,0,0
5,0,0
5,0,0
5,0,0
5,0,0
5,0,0
5,0,0
15.0kHz,,
15,0.3715,0
15,0.3079,0
15,0.3226,0
15,0.3324,0
15,0.3568,0
15,0.3275,0
15,0.4008,0
15,0.3128,0
15,0.3568,0
15,0.3568,0
15,0.3617,0
15,0.3715,0
15,0.3519,0
15,0.4008,0
15,0.347,0
15,0.4106,0
15,0.3568,0
15,0.3519,0
15,0.3568,0
15,0.391,0
25.0kHz,,
25,0.9335,0.0293
25,0.914,0.0391
25,0.9189,0.0391
25,0.914,0.0391
25,0.9189,0.0391
25,0.9042,0.0391
25,0.914,0.0391
25,0.9238,0.0391
25,0.9238,0.0391
25,0.9238,0.0391
25,0.8847,0.0391
25,0.914,0.0391
25,0.9238,0.0391
25,0.9238,0.0391
25,0.9286,0.0391
25,0.8944,0.0391
25,0.9238,0.0391
25,0.9286,0.0391
25,0.9286,0.0391
25,0.9286,0.0391
35.0kHz,,
35,1.2219,0.1173
35,1.2414,0.1222
35,1.3441,0.1271
35,1.4027,0.1417
35,1.4076,0.132
35,1.4614,0.132
35,1.5689,0.0538
35,1.5249,0.132
35,1.5005,0.1369
35,1.5054,0.1466
35,1.4516,0.132
35,1.4418,0.132
35,1.3832,0.1271
35,1.2952,0.1271
35,1.2757,0.1222
35,1.1975,0.1222
35,1.2268,0.1222
35,1.2366,0.1222
35,1.2708,0.1222
35,1.2366,0.1173
45.0kHz,,
45,0.5376,0.0684
45,0.4643,0.0293
45,0.4399,0.0098
45,0.3666,0.0049
45,0.303,0
45,0.2737,0.0049
45,0.2835,0.0049
45,0.259,0.0049
45,0.3079,0.0049
45,0.259,0
45,0.2835,0.0049
45,0.2346,0
45,0.2786,0.0049
45,0.2297,0
45,0.2688,0.0049
45,0.259,0.0049
45,0.2981,0
45,0.2639,0.0049
45,0.259,0.0098
45,0.2493,0
55.0kHz,,
55,0.1124,0
55,0.0684,0
55,0.0147,0
55,0.0098,0
55,0.0098,0
55,0.0196,0
55,0.0196,0
55,0.0244,0
55,0.0049,0
55,0.0196,0
55,0.0098,0
55,0,0
55,0.0098,0
55,0.0147,0
55,0.0196,0
55,0.0244,0
55,0.0147,0
55,0.0049,0
55,0.0049,0
55,0,0
65.0kHz,,
65,0.7038,0.0196
65,0.6989,0.0293
65,0.7087,0.0293
65,0.6989,0.0293
65,0.7038,0.0342
65,0.6891,0.0293
65,0.6843,0.0293
65,0.7234,0.0342
65,0.7136,0.0293
65,0.7038,0.0342
65,0.6794,0.0293
65,0.6891,0.0489
65,0.6891,0.0342
65,0.6843,0.0293
65,0.694,0.0244
65,0.6989,0.0293
65,0.7136,0.0293
65,0.7136,0.0342
65,0.6891,0.0244
65,0.7283,0.0293
75.0kHz,,
75,0.9824,0.1613
75,1.0411,0.1613
75,1.0753,0.1222
75,1.0557,0.1613
75,1.0411,0.1271
75,1.0899,0.1613
75,1.0313,0.1564
75,1.0753,0.1613
75,1.0508,0.1564
75,1.0411,0.1613
75,1.0899,0.1564
75,1.0362,0.1613
75,1.085,0.1613
75,1.0508,0.1955
75,1.0411,0.1564
75,1.0655,0.1271
75,1.0362,0.1613
75,1.0997,0.1515
75,1.0606,0.1613
75,1.0362,0.1613
85.0kHz,,
85,1.3441,0.176
85,1.3783,0.1906
85,1.3539,0.2004
85,1.3441,0.2102
85,1.5249,0.1955
85,1.3587,0.2004
85,1.3587,0.1564
85,1.3783,0.2004
85,1.4663,0.2004
85,1.3539,0.1662
85,1.3734,0.2004
85,1.3392,0.2004
85,1.4076,0.2639
85,1.3636,0.2004
85,1.3392,0.2053
85,1.4907,0.1417
85,1.3539,0.2053
85,1.3539,0.2004
85,1.3881,0.2102
85,1.4712,0.2004
95.0kHz,,
95,1.4565,0.2933
95,1.437,0.2981
95,1.4516,0.3177
95,1.4663,0.2493
95,1.4223,0.3128
95,1.5054,0.2981
95,1.4809,0.2981
95,1.4663,0.2933
95,1.4125,0.2933
95,1.4712,0.2248
95,1.4614,0.2297
95,1.4321,0.2786
95,1.4467,0.2981
95,1.5005,0.2981
95,1.4223,0.303
95,1.4907,0.303
95,1.4321,0.2981
95,1.4956,0.3226
95,1.4272,0.2933
95,1.4858,0.2981
100kHz,,
100,1.5494,0.2884
100,1.349,0.2884
100,1.4174,0.2884
100,1.4076,0.2737
100,1.4565,0.2933
100,1.564,0.3421
100,1.3539,0.2444
100,1.4223,0.1906
100,1.4027,0.2933
100,1.4761,0.3079
100,1.4516,0.2835
100,1.3636,0.2835
100,1.4125,0.2884
100,1.4027,0.2933
100,1.4858,0.2884
100,1.4467,0.2835
100,1.3636,0.2884
100,1.4076,0.2835
100,1.4027,0.2835
100,1.4712,0.2835
stop,,
increase_frequency:10000,first_frequency:5,last_frequency:100
frequency,transmission_ep,receiving_ep
5kHz,,
5,0,0
5,0.0049,0
5,0,0
5,0,0
5,0,0
5,0,0
5,0,0
5,0,0
5,0,0
5,0,0
5,0,0
5,0,0
5,0,0
5,0,0
5,0,0
15.0kHz,,
15,0.3519,0
15,0.4301,0
15,0.3959,0
15,0.4106,0
15,0.391,0
15,0.3763,0
15,0.3568,0
15,0.5132,0
15,0.4057,0
15,0.4301,0
15,0.435,0
15,0.3812,0
15,0.4106,0
15,0.391,0
15,0.4106,0
25.0kHz,,
25,0.9482,0.044
25,0.9531,0.0489
25,0.9531,0.0489
25,0.958,0.0489
25,0.9629,0.0489
25,0.8798,0.0489
25,0.9531,0.0489
25,0.958,0.0489
25,0.9531,0.0538
25,0.9677,0.0489
25,0.9189,0.0489
25,0.9531,0.0489
25,0.958,0.0489
25,0.958,0.0489
25,0.9677,0.0489
35.0kHz,,
35,1.2805,0.1466
35,1.3392,0.1369
35,1.3245,0.1417
35,1.3294,0.1417
35,1.3392,0.1417
35,1.3343,0.1417
35,1.305,0.1417
35,1.3343,0.1417
35,1.3441,0.1417
35,1.3196,0.1417
35,1.3343,0.1417
35,1.305,0.1417
35,1.3196,0.1466
35,1.3587,0.1417
35,1.3734,0.1417
45.0kHz,,
45,0.567,0.0587
45,0.4936,0.0342
45,0.4741,0.0147
45,0.479,0.0098
45,0.4741,0
45,0.4497,0.0049
45,0.3812,0
45,0.4106,0.0342
45,0.2884,0
45,0.3421,0
45,0.3128,0
45,0.259,0
45,0.3275,0.0098
45,0.3226,0
45,0.3372,0
55.0kHz,,
55,0.1417,0
55,0.0635,0
55,0.0342,0
55,0.0244,0
55,0.0098,0
55,0.0098,0
55,0.0098,0
55,0,0
55,0.0196,0
55,0.0244,0
55,0.0196,0
55,0.0147,0
55,0.0098,0
55,0,0
55,0.0098,0
65.0kHz,,
65,0.4936,0.0049
65,0.4985,0.0049
65,0.5279,0.0098
65,0.4936,0.0098
65,0.5132,0.0147
65,0.4936,0.0244
65,0.5181,0.0098
65,0.5181,0.0147
65,0.5279,0.0147
65,0.4839,0.0342
65,0.5816,0.0147
65,0.6598,0.0147
65,0.5034,0.0049
65,0.5327,0.0049
65,0.5132,0.0098
75.0kHz,,
75,1.1339,0.1564
75,1.1632,0.1613
75,1.1828,0.1613
75,1.1584,0.1662
75,1.1193,0.1711
75,1.1388,0.1662
75,1.1584,0.1662
75,1.2366,0.1662
75,1.1632,0.1662
75,1.129,0.2493
75,1.1388,0.1662
75,1.173,0.1515
75,1.1632,0.1662
75,1.1632,0.1417
75,1.1241,0.1662
85.0kHz,,
85,1.3734,0.1857
85,1.3783,0.1906
85,1.393,0.2248
85,1.3783,0.1906
85,1.5249,0.1906
85,1.3685,0.132
85,1.3832,0.1906
85,1.4027,0.1955
85,1.4907,0.1857
85,1.3832,0.1906
85,1.4027,0.1955
85,1.3636,0.1955
85,1.4272,0.1955
85,1.3978,0.1906
85,1.3685,0.1857
95.0kHz,,
95,1.4712,0.2737
95,1.5249,0.2835
95,1.5152,0.2835
95,1.4956,0.2933
95,1.4516,0.2884
95,1.5934,0.2835
95,1.564,0.2835
95,1.5738,0.2542
95,1.4809,0.2395
95,1.5934,0.2933
95,1.4712,0.2884
95,1.5249,0.2933
95,1.4663,0.2933
95,1.5298,0.2981
95,1.4761,0.3177
100kHz,,
100,1.4516,0.3079
100,1.393,0.2933
100,1.4712,0.2688
100,1.4174,0.2835
100,1.3734,0.2933
100,1.4565,0.2981
100,1.393,0.2884
100,1.4761,0.2835
100,1.437,0.2884
100,1.4076,0.2884
100,1.52,0.2884
100,1.4027,0.2884
100,1.4663,0.2835
100,1.4516,0.2835
100,1.4418,0.2835
stop,,
increase_frequency:20000,first_frequency:5,last_frequency:100
frequency,transmission_ep,receiving_ep
5kHz,,
5,0,0
5,0,0
5,0,0
5,0,0
5,0,0
5,0,0
5,0,0
5,0,0
5,0,0
5,0,0
5,0,0
5,0,0
5,0,0
5,0,0
5,0,0
25.0kHz,,
25,0.87,0.0342
25,0.9433,0.0391
25,0.9482,0.0391
25,0.9531,0.0391
25,0.958,0.0391
25,0.9482,0.0342
25,0.9433,0.0391
25,0.9531,0.0391
25,0.9531,0.0391
25,0.9531,0.0342
25,1.0166,0.0391
25,0.9433,0.0391
25,0.9531,0.0342
25,0.9531,0.0391
25,0.9531,0.0196
45.0kHz,,
45,0.3617,0.0147
45,0.303,0.0049
45,0.3177,0.0049
45,0.3226,0
45,0.3128,0
45,0.2786,0.0049
45,0.3128,0.0098
45,0.3226,0
45,0.2688,0.0196
45,0.3275,0
45,0.3421,0
45,0.3128,0
45,0.2884,0.0049
45,0.347,0.0098
45,0.3226,0
65.0kHz,,
65,0.347,0.0049
65,0.3324,0.0049
65,0.3177,0.0391
65,0.3372,0.0049
65,0.3275,0.0049
65,0.3226,0.0049
65,0.3324,0
65,0.3372,0.0049
65,0.3519,0.0098
65,0.347,0.0049
65,0.3519,0.0098
65,0.3275,0.0098
65,0.4057,0.0049
65,0.347,0
65,0.3324,0.0098
85.0kHz,,
85,1.3685,0.176
85,1.3685,0.1857
85,1.349,0.1417
85,1.4272,0.1808
85,1.3636,0.1808
85,1.3294,0.1955
85,1.3001,0.1857
85,1.3587,0.1857
85,1.3392,0.1857
85,1.3734,0.1857
85,1.4516,0.1857
85,1.3587,0.1711
85,1.3734,0.1857
85,1.3685,0.1906
85,1.3587,0.1857
100kHz,,
100,1.4956,0.2346
100,1.3392,0.2248
100,1.4174,0.2688
100,1.3539,0.2835
100,1.3441,0.2835
100,1.4174,0.2835
100,1.3685,0.2737
100,1.4272,0.2737
100,1.3636,0.2786
100,1.3539,0.2737
100,1.3587,0.2737
100,1.3441,0.2737
100,1.4272,0.2737
100,1.3636,0.2737
100,1.3832,0.2737
stop,,
increase_frequency:15000,first_frequency:5,last_frequency:100
frequency,transmission_ep,receiving_ep
5kHz,,
5,0,0
5,0,0
5,0,0
5,0,0
5,0,0
5,0,0
5,0,0
5,0,0
5,0,0
5,0,0
5,0,0
5,0,0
5,0,0
5,0,0
5,0,0
5,0,0
5,0,0
5,0,0
5,0,0
5,0,0
5,0,0
5,0,0
5,0,0
5,0,0
5,0,0
5,0,0
5,0,0
5,0,0
5,0,0
5,0,0
5,0,0
5,0,0
5,0,0
5,0,0
5,0,0
5,0,0
5,0,0
5,0,0
5,0,0
5,0,0
5,0,0
5,0,0
5,0,0
5,0,0
5,0,0
5,0,0
5,0,0
5,0,0
5,0,0
5,0.0098,0
20.0kHz,,
20,0.4057,0
20,0.4252,0
20,0.4692,0
20,0.4252,0
20,0.4301,0
20,0.4252,0
20,0.4252,0
20,0.4399,0
20,0.4301,0
20,0.435,0
20,0.4301,0
20,0.4448,0
20,0.4643,0
20,0.4399,0
20,0.4301,0
20,0.4252,0
20,0.4203,0
20,0.4497,0
20,0.4203,0
20,0.435,0
20,0.4301,0
20,0.4203,0
20,0.4252,0
20,0.4301,0
20,0.4497,0
20,0.4448,0
20,0.4301,0
20,0.3079,0
20,0.4252,0
20,0.4399,0
20,0.4301,0
20,0.4399,0
20,0.4399,0
20,0.4301,0
20,0.4252,0
20,0.4203,0
20,0.4399,0
20,0.4594,0
20,0.4399,0
20,0.4399,0
20,0.4252,0
20,0.4545,0
20,0.435,0
20,0.4252,0
20,0.4154,0
20,0.4301,0
20,0.4252,0
20,0.4448,0
20,0.4301,0
20,0.4545,0
35.0kHz,,
35,1.4565,0.132
35,1.52,0.1417
35,1.4712,0.0587
35,1.4272,0.1417
35,1.52,0.1466
35,1.52,0.1369
35,1.4614,0.1466
35,1.4956,0.1417
35,1.5298,0.1466
35,1.5152,0.1417
35,1.4761,0.1417
35,1.4272,0.1466
35,1.4809,0.1417
35,1.5152,0.1466
35,1.5249,0.1466
35,1.4858,0.1369
35,1.4712,0.1417
35,1.5298,0.1417
35,1.5152,0.132
35,1.5885,0.1417
35,1.4956,0.1369
35,1.4956,0.1222
35,1.4956,0.1417
35,1.52,0.1369
35,1.5249,0.1564
35,1.5005,0.1369
35,1.5396,0.1369
35,1.5298,0.1564
35,1.4858,0.1369
35,1.4809,0.1369
35,1.4907,0.1369
35,1.4418,0.1417
35,1.4418,0.1369
35,1.4614,0.1417
35,1.4516,0.1369
35,1.4223,0.1369
35,1.4761,0.1369
35,1.4321,0.1417
35,1.4663,0.1417
35,1.5005,0.1417
35,1.4516,0.1417
35,1.4321,0.1466
35,1.5054,0.1417
35,1.5298,0.1515
35,1.437,0.1417
35,1.5494,0.1417
35,1.5054,0.1173
35,1.52,0.1417
35,1.5396,0.1417
35,1.5396,0.1369
50.0kHz,,
50,0.7087,0.0635
50,0.4448,0.0244
50,0.4448,0.0098
50,0.4985,0
50,0.4497,0
50,0.435,0.0049
50,0.435,0
50,0.4399,0.0196
50,0.4203,0.0196
50,0.4497,0
50,0.435,0
50,0.435,0
50,0.4448,0
50,0.391,0
50,0.4497,0
50,0.435,0
50,0.435,0
50,0.4448,0
50,0.4888,0
50,0.4497,0
50,0.435,0
50,0.435,0
50,0.4448,0
50,0.4497,0
50,0.4497,0
50,0.435,0
50,0.435,0
50,0.4399,0
50,0.3666,0
50,0.4497,0
50,0.435,0
50,0.435,0
50,0.4497,0
50,0.4839,0
50,0.4497,0
50,0.4399,0
50,0.4497,0
50,0.4448,0
50,0.479,0
50,0.4497,0
50,0.435,0
50,0.435,0
50,0.4448,0
50,0.3763,0
50,0.4497,0
50,0.435,0
50,0.4301,0
50,0.4399,0
50,0.4594,0
50,0.4497,0.0098
65.0kHz,,
65,0.7283,0.0196
65,0.7185,0.0244
65,0.7331,0.0244
65,0.7234,0.0244
65,0.7283,0.0244
65,0.738,0.0587
65,0.7283,0.0244
65,0.7331,0.0244
65,0.7429,0.0342
65,0.738,0.0244
65,0.7869,0.0244
65,0.7967,0.0293
65,0.8749,0.0196
65,0.7429,0.0244
65,0.7331,0.0244
65,0.7527,0.0244
65,0.7527,0
65,0.7527,0.0293
65,0.7478,0.0244
65,0.7283,0.0293
65,0.7331,0.0196
65,0.7136,0.0244
65,0.7087,0.0244
65,0.7869,0.0244
65,0.7625,0.0244
65,0.7234,0.0293
65,0.7136,0.0244
65,0.7136,0.0244
65,0.7234,0.0244
65,0.7234,0.0244
65,0.7283,0.0293
65,0.738,0.0049
65,0.7185,0.0244
65,0.7087,0.0244
65,0.7869,0.0244
65,0.7331,0.0244
65,0.7038,0.0293
65,0.7331,0.0244
65,0.738,0.0244
65,0.7429,0.0342
65,0.738,0.0244
65,0.7429,0.0244
65,0.7331,0.0196
65,0.7429,0.0244
65,0.7331,0.0244
65,0.7136,0.0244
65,0.7429,0.044
65,0.7771,0.0293
65,0.7429,0.0244
65,0.7429,0.0244
80.0kHz,,
80,1.349,0.176
80,1.3148,0.2053
80,1.3245,0.1906
80,1.4223,0.1613
80,1.3392,0.1906
80,1.3881,0.1906
80,1.3392,0.1955
80,1.349,0.1955
80,1.3294,0.1906
80,1.3294,0.1857
80,1.3245,0.0978
80,1.349,0.1906
80,1.3392,0.1857
80,1.3343,0.1906
80,1.3587,0.1906
80,1.3245,0.1857
80,1.3294,0.1955
80,1.4174,0.2004
80,1.3539,0.1906
80,1.437,0.1955
80,1.3294,0.1906
80,1.3441,0.1906
80,1.3441,0.1906
80,1.3196,0.1906
80,1.3441,0.1857
80,1.3587,0.1906
80,1.3099,0.1955
80,1.3245,0.1906
80,1.2659,0.176
80,1.3392,0.1906
80,1.3196,0.1906
80,1.3392,0.1955
80,1.3441,0.1906
80,1.3783,0.1955
80,1.3196,0.1955
80,1.4125,0.1124
80,1.3294,0.1906
80,1.3392,0.259
80,1.3245,0.1906
80,1.3343,0.2004
80,1.305,0.1906
80,1.3148,0.1906
80,1.3783,0.1906
80,1.3294,0.1955
80,1.3734,0.1662
80,1.3148,0.1906
80,1.3441,0.2248
80,1.3294,0.1955
80,1.3001,0.1906
80,1.3392,0.1808
95.0kHz,,
95,0.914,0.1173
95,0.8602,0.1026
95,0.8847,0.1075
95,0.958,0.1026
95,0.9189,0.1026
95,0.8895,0.1075
95,0.8651,0.0978
95,0.9238,0.0978
95,0.8211,0.088
95,0.7918,0.0782
95,0.7625,0.0684
95,0.738,0.0587
95,0.7918,0.0782
95,1.3783,0.1466
95,1.4663,0.2786
95,1.4614,0.2639
95,1.4761,0.2737
95,1.4516,0.2786
95,1.4516,0.2786
95,1.4663,0.2835
95,1.4614,0.2346
95,1.5738,0.2884
95,1.5543,0.2786
95,1.5445,0.2884
95,1.4907,0.2835
95,1.3734,0.2835
95,1.4809,0.259
95,1.6178,0.259
95,1.4418,0.2786
95,1.4907,0.2786
95,1.4321,0.2737
95,1.4956,0.2786
95,1.4321,0.1955
95,1.5005,0.2395
95,1.437,0.259
95,1.4956,0.2835
95,1.4565,0.2884
95,1.4858,0.2884
95,1.4418,0.2835
95,1.4614,0.2688
95,1.4663,0.2151
95,1.4174,0.2542
95,1.4809,0.2688
95,1.4565,0.2639
95,1.4516,0.2688
95,1.4321,0.2688
95,0.9629,0.2004
95,1.5152,0.2199
95,1.5934,0.2493
95,1.5347,0.2639
100kHz,,
100,1.4956,0.2981
100,1.4027,0.303
100,1.4516,0.2884
100,1.4663,0.2835
100,1.393,0.2248
100,1.5005,0.2786
100,1.4076,0.3128
100,1.4614,0.303
100,1.4956,0.2933
100,1.4174,0.2884
100,1.4956,0.2884
100,1.4125,0.2933
100,1.4516,0.2884
100,1.4858,0.2884
100,1.4223,0.2835
100,1.4858,0.2835
100,1.4076,0.2835
100,1.4418,0.2835
100,1.4809,0.2835
100,1.3881,0.2786
100,1.4809,0.2835
100,1.4076,0.2639
100,1.4418,0.2737
100,1.5591,0.3226
100,1.437,0.259
100,1.4761,0.2053
100,1.4125,0.259
100,1.4321,0.2884
100,1.5494,0.2933
100,1.4174,0.2884
100,1.4858,0.2835
100,1.4223,0.2835
100,1.4223,0.2884
100,1.4907,0.2884
100,1.4174,0.2933
100,1.4858,0.2884
100,1.4272,0.2933
100,1.4076,0.2933
100,1.4418,0.2933
100,1.437,0.2933
100,1.4858,0.3128
100,1.4321,0.2835
100,1.4027,0.3177
100,1.4027,0.1857
100,1.4027,0.2199
100,1.4858,0.303
100,1.437,0.3128
100,1.4076,0.2884
100,1.4907,0.2884
100,1.4174,0.2835
stop,,
increase_frequency:20000,first_frequency:5,last_frequency:100
frequency,transmission_ep,receiving_ep
5kHz,,
5,0,0
5,0,0
5,0,0
5,0,0
5,0,0
5,0,0
5,0,0
5,0,0
5,0,0
5,0,0
5,0,0
5,0,0
5,0,0
5,0,0
5,0,0
5,0,0
5,0,0
5,0,0
5,0,0
5,0,0
5,0,0
5,0,0
5,0,0
5,0,0
5,0,0
5,0,0
5,0,0
5,0,0
5,0,0
5,0,0
5,0,0
5,0,0
5,0,0
5,0,0
5,0,0
5,0,0
5,0,0
5,0,0
5,0,0
5,0,0
5,0,0
5,0,0
5,0,0
5,0,0
5,0,0
5,0,0
5,0,0
5,0,0
5,0,0
5,0,0
25.0kHz,,
25,0.9482,0.0293
25,0.9482,0.0342
25,0.9482,0.0391
25,0.9824,0.0342
25,0.9433,0.0342
25,0.9482,0.0391
25,0.9384,0.0391
25,0.9482,0.0342
25,1.0215,0.0342
25,0.9433,0.0391
25,0.9433,0.0391
25,0.9433,0.0342
25,0.9482,0.0391
25,1.0459,0.0342
25,0.9433,0.0342
25,0.9482,0.0391
25,0.9482,0.0342
25,0.9482,0.0342
25,1.0313,0.0342
25,0.9433,0.0391
25,0.9482,0.0342
25,0.9433,0.0342
25,0.9482,0.0342
25,1.002,0.0391
25,0.9433,0.0538
25,0.9433,0.0342
25,0.9482,0.0196
25,0.9384,0.0342
25,0.9726,0
25,0.9433,0.0391
25,0.9384,0.0244
25,0.9482,0.0342
25,0.9482,0.044
25,0.9384,0.0391
25,0.9384,0.0342
25,0.9433,0.0342
25,0.9482,0.0342
25,0.9482,0.0391
25,0.9042,0.0391
25,0.9335,0.0342
25,0.9433,0.0391
25,0.9482,0.0391
25,0.9531,0.0391
25,0.9677,0.0342
25,0.9335,0.0391
25,0.9433,0.0391
25,0.9482,0.0391
25,0.9531,0.0391
25,0.8798,0.0391
25,0.9433,0.0342
45.0kHz,,
45,0.6696,0.0196
45,0.6696,0
45,0.6989,0.0147
45,0.6794,0.0147
45,0.6843,0.0147
45,0.6794,0.0147
45,0.6745,0.0098
45,0.6745,0.0538
45,0.6891,0.0098
45,0.6696,0.0147
45,0.694,0.0147
45,0.7038,0.0147
45,0.6403,0.0098
45,0.694,0.0147
45,0.6745,0.0147
45,0.6745,0.0098
45,0.6696,0.0147
45,0.6843,0.0147
45,0.6647,0.0147
45,0.6843,0.0147
45,0.6354,0.0147
45,0.6794,0.0147
45,0.6745,0.0098
45,0.6745,0
45,0.6696,0
45,0.6598,0.0147
45,0.6696,0.0098
45,0.6696,0.0098
45,0.6745,0.0098
45,0.6891,0.0147
45,0.6647,0.0098
45,0.6647,0.0684
45,0.6549,0.0098
45,0.65,0.0147
45,0.6745,0.0147
45,0.6745,0.0147
45,0.65,0.0147
45,0.6794,0.0147
45,0.6647,0.0147
45,0.65,0.0098
45,0.6843,0.0196
45,0.6549,0.0098
45,0.6745,0.0147
45,0.6452,0.0098
45,0.6452,0.0098
45,0.6696,0.0147
45,0.6549,0.0147
45,0.5963,0.0098
45,0.6745,0.0196
45,0.65,0.0049
65.0kHz,,
65,0.7869,0.0293
65,0.7869,0.0342
65,0.7967,0.0391
65,0.8016,0.0391
65,0.8162,0.0733
65,0.8162,0.044
65,0.8407,0.044
65,0.8847,0.044
65,0.8456,0.044
65,0.8065,0.0391
65,0.7527,0.0391
65,0.8162,0.0293
65,0.8211,0.0342
65,0.8211,0.0342
65,0.8407,0.0342
65,0.8407,0.0342
65,0.8602,0.044
65,0.8553,0.0391
65,0.8504,0.0391
65,0.8358,0.0342
65,0.8309,0.044
65,0.826,0.0391
65,0.826,0.0391
65,0.782,0.044
65,0.826,0.044
65,0.8211,0.0391
65,0.8162,0.0244
65,0.7869,0.0391
65,0.8309,0.0391
65,0.826,0.044
65,0.826,0.0489
65,0.8602,0.0391
65,0.826,0.0391
65,0.8309,0.0391
65,0.8162,0.0538
65,0.8456,0.0391
65,0.8309,0.0391
65,0.8309,0.0342
65,0.826,0.0391
65,0.8309,0.0391
65,0.8309,0.0342
65,0.8358,0.0391
65,0.8602,0.0293
65,0.7967,0.0342
65,0.7967,0.0391
65,0.7136,0.0635
65,0.6647,0.0293
65,0.7087,0.0244
65,0.6696,0.0196
65,0.65,0.0293
85.0kHz,,
85,1.3734,0.1955
85,1.4956,0.1369
85,1.3636,0.2053
85,1.3783,0.2102
85,1.4027,0.2004
85,1.4076,0.2151
85,1.3978,0.2053
85,1.4027,0.176
85,1.3832,0.2004
85,1.4907,0.2102
85,1.4027,0.1369
85,1.3685,0.2102
85,1.4663,0.2053
85,1.393,0.2053
85,1.3783,0.2102
85,1.4076,0.2102
85,1.4956,0.2248
85,1.3881,0.2102
85,1.4125,0.2053
85,1.4125,0.176
85,1.3881,0.2102
85,1.4076,0.2151
85,1.3832,0.2199
85,1.3978,0.2102
85,1.3978,0.2102
85,1.3832,0.1955
85,1.4174,0.2102
85,1.3587,0.2151
85,1.3881,0.2102
85,1.4076,0.2102
85,1.4321,0.2444
85,1.4027,0.2102
85,1.4027,0.2102
85,1.3783,0.2102
85,1.4565,0.2053
85,1.393,0.2102
85,1.3783,0.2786
85,1.5445,0.2102
85,1.393,0.2102
85,1.3832,0.2542
85,1.4125,0.2102
85,1.4223,0.2053
85,1.4027,0.1564
85,1.4125,0.2102
85,1.3832,0.2151
85,1.5005,0.1515
85,1.3978,0.2102
85,1.3783,0.2053
85,1.3832,0.2004
85,1.4076,0.2102
100kHz,,
100,1.437,0.2884
100,1.4223,0.2835
100,1.4761,0.2884
100,1.4125,0.2981
100,1.4125,0.259
100,1.5152,0.2542
100,1.4467,0.2639
100,1.4858,0.2786
100,1.4272,0.2884
100,1.4174,0.2884
100,1.4272,0.2884
100,1.4027,0.2835
100,1.4858,0.2786
100,1.4223,0.2786
100,1.4565,0.2786
100,1.5543,0.2786
100,1.3978,0.2786
100,1.4858,0.2786
100,1.4321,0.2884
100,1.4418,0.2346
100,1.3978,0.3079
100,1.4027,0.259
100,1.4907,0.2933
100,1.4418,0.259
100,1.4272,0.2346
100,1.3734,0.259
100,1.3832,0.2737
100,1.4565,0.2786
100,1.4223,0.2786
100,1.3734,0.2786
100,1.3978,0.2835
100,1.3881,0.2786
100,1.4565,0.2835
100,1.4125,0.2835
100,1.3587,0.2884
100,1.4565,0.2884
100,1.3832,0.2835
100,1.4565,0.2835
100,1.4223,0.2835
100,1.4076,0.2786
100,1.4223,0.2444
100,1.3881,0.2542
100,1.4565,0.2884
100,1.4272,0.2981
100,1.4663,0.2737
100,1.5494,0.2737
100,1.3978,0.2737
100,1.4516,0.2786
100,1.437,0.2835
100,1.5054,0.2835
stop,,
